id_pnj;nom;note_metier;metier;age;biome;niveau;lieu_jour;rotation_jour;lieu_nuit;ventes;requete de reference;;;;;;;;;;;;;;;;
0001;Vincent Bourque;Armurier;armorer;adulte;snow;maitre;358 76 748;30f,0f;358 76 748;"Offers:{Recipes:[{buy:{id:medium_amethyst_bud,Count:45},buyB:{id:small_amethyst_bud,Count:4},sell:{id:golden_helmet,Count:1,tag:{display:{Name:""\""Casque en or\""""}}},xp:2,maxUses:9999999},{buy:{id:large_amethyst_bud,Count:8},buyB:{id:small_amethyst_bud,Count:4},sell:{id:golden_chestplate,Count:1,tag:{display:{Name:""\""Plastron en or\""""}}},xp:2,maxUses:9999999},{buy:{id:medium_amethyst_bud,Count:63},buyB:{id:small_amethyst_bud,Count:4},sell:{id:golden_leggings,Count:1,tag:{display:{Name:""\""Jambière en or\""""}}},xp:2,maxUses:9999999},{buy:{id:medium_amethyst_bud,Count:36},buyB:{id:small_amethyst_bud,Count:4},sell:{id:golden_boots,Count:1,tag:{display:{Name:""\""Bottes en or\""""}}},xp:2,maxUses:9999999}, {buy:{id:amethyst_cluster,Count:5},buyB:{id:small_amethyst_bud,Count:1},sell:{id:diamond_helmet,Count:1,tag:{display:{Name:""\""Casque en diamant\""""}}},xp:4,maxUses:9999999},{buy:{id:amethyst_cluster,Count:8},buyB:{id:small_amethyst_bud,Count:1},sell:{id:diamond_chestplate,Count:1,tag:{display:{Name:""\""Plastron en diamant\""""}}},xp:4,maxUses:9999999},{buy:{id:amethyst_cluster,Count:7},buyB:{id:small_amethyst_bud,Count:1},sell:{id:diamond_leggings,Count:1,tag:{display:{Name:""\""Jambière en diamant\""""}}},xp:4,maxUses:9999999},{buy:{id:amethyst_cluster,Count:4},buyB:{id:small_amethyst_bud,Count:1},sell:{id:diamond_boots,Count:1,tag:{display:{Name:""\""Bottes en diamant\""""}}},xp:4,maxUses:9999999}, {buy:{id:amethyst_cluster,Count:7},buyB:{id:medium_amethyst_bud,Count:20},sell:{id:diamond_helmet,Count:1,tag:{display:{Name:""\""Casque en diamant enchanté\""""},Enchantments:[{id:projectile_protection,lvl:3},{id:respiration,lvl:2},{id:unbreaking,lvl:2}]}},xp:8,maxUses:9999999},{buy:{id:nether_star,Count:1},sell:{id:diamond_chestplate,Count:1,tag:{display:{Name:""\""Plastron en diamant enchanté\""""},Enchantments:[{id:protection,lvl:3},{id:unbreaking,lvl:2}]}},xp:8,maxUses:9999999},{buy:{id:nether_star,Count:1},sell:{id:diamond_leggings,Count:1,tag:{display:{Name:""\""Jambière en diamant enchanté\""""},Enchantments:[{id:swift_sneak,lvl:2},{id:protection,lvl:3},{id:unbreaking,lvl:2}]}},xp:8,maxUses:9999999},{buy:{id:amethyst_cluster,Count:6},buyB:{id:medium_amethyst_bud,Count:20},sell:{id:diamond_boots,Count:1,tag:{display:{Name:""\""Bottes en diamant enchanté\""""},Enchantments:[{id:projectile_protection,lvl:3},{id:feather_falling,lvl:3},{id:unbreaking,lvl:2}]}}";"/summon villager 280 110 -230 {VillagerData:{profession:armorer,level:4,type:snow},Invulnerable:1,PersistenceRequired:1,NoAI:1,Rotation:[30f,0f],CustomName:""\""Vincent Bourque\"""",Offers:{Recipes:[{buy:{id:medium_amethyst_bud,Count:45},buyB:{id:small_amethyst_bud,Count:4},sell:{id:golden_helmet,Count:1,tag:{display:{Name:""\""Casque en or\""""}}},xp:2,maxUses:9999999},{buy:{id:large_amethyst_bud,Count:8},buyB:{id:small_amethyst_bud,Count:4},sell:{id:golden_chestplate,Count:1,tag:{display:{Name:""\""Plastron en or\""""}}},xp:2,maxUses:9999999},{buy:{id:medium_amethyst_bud,Count:63},buyB:{id:small_amethyst_bud,Count:4},sell:{id:golden_leggings,Count:1,tag:{display:{Name:""\""Jambière en or\""""}}},xp:2,maxUses:9999999},{buy:{id:medium_amethyst_bud,Count:36},buyB:{id:small_amethyst_bud,Count:4},sell:{id:golden_boots,Count:1,tag:{display:{Name:""\""Bottes en or\""""}}},xp:2,maxUses:9999999}, {buy:{id:amethyst_cluster,Count:5},buyB:{id:small_amethyst_bud,Count:1},sell:{id:diamond_helmet,Count:1,tag:{display:{Name:""\""Casque en diamant\""""}}},xp:4,maxUses:9999999},{buy:{id:amethyst_cluster,Count:8},buyB:{id:small_amethyst_bud,Count:1},sell:{id:diamond_chestplate,Count:1,tag:{display:{Name:""\""Plastron en diamant\""""}}},xp:4,maxUses:9999999},{buy:{id:amethyst_cluster,Count:7},buyB:{id:small_amethyst_bud,Count:1},sell:{id:diamond_leggings,Count:1,tag:{display:{Name:""\""Jambière en diamant\""""}}},xp:4,maxUses:9999999},{buy:{id:amethyst_cluster,Count:4},buyB:{id:small_amethyst_bud,Count:1},sell:{id:diamond_boots,Count:1,tag:{display:{Name:""\""Bottes en diamant\""""}}},xp:4,maxUses:9999999}, {buy:{id:amethyst_cluster,Count:7},buyB:{id:medium_amethyst_bud,Count:20},sell:{id:diamond_helmet,Count:1,tag:{display:{Name:""\""Casque en diamant enchanté\""""},Enchantments:[{id:projectile_protection,lvl:3},{id:respiration,lvl:2},{id:unbreaking,lvl:2}]}},xp:8,maxUses:9999999},{buy:{id:nether_star,Count:1},sell:{id:diamond_chestplate,Count:1,tag:{display:{Name:""\""Plastron en diamant enchanté\""""},Enchantments:[{id:protection,lvl:3},{id:unbreaking,lvl:2}]}},xp:8,maxUses:9999999},{buy:{id:nether_star,Count:1},sell:{id:diamond_leggings,Count:1,tag:{display:{Name:""\""Jambière en diamant enchanté\""""},Enchantments:[{id:swift_sneak,lvl:2},{id:protection,lvl:3},{id:unbreaking,lvl:2}]}},xp:8,maxUses:9999999},{buy:{id:amethyst_cluster,Count:6},buyB:{id:medium_amethyst_bud,Count:20},sell:{id:diamond_boots,Count:1,tag:{display:{Name:""\""Bottes en diamant enchanté\""""},Enchantments:[{id:projectile_protection,lvl:3},{id:feather_falling,lvl:3},{id:unbreaking,lvl:2}]}},xp:8,maxUses:9999999}]}}";;;;;;;;;;;;;;;;
0002;Alban Bourque;Armurier;armorer;adulte;snow;maitre;360 75 754;30f,0f;358 76 754;"Offers:{Recipes:[{buy:{id:amethyst_cluster,Count:5},buyB:{id:small_amethyst_bud,Count:1},sell:{id:diamond_helmet,Count:1,tag:{display:{Name:""\""Casque en diamant\""""}}},xp:4,maxUses:9999999},{buy:{id:large_amethyst_bud,Count:8},buyB:{id:small_amethyst_bud,Count:4},sell:{id:golden_chestplate,Count:1,tag:{display:{Name:""\""Plastron en or\""""}}},xp:2,maxUses:9999999},{buy:{id:medium_amethyst_bud,Count:63},buyB:{id:small_amethyst_bud,Count:4},sell:{id:golden_leggings,Count:1,tag:{display:{Name:""\""Jambière en or\""""}}},xp:2,maxUses:9999999}, {buy:{id:amethyst_cluster,Count:4},buyB:{id:small_amethyst_bud,Count:1},sell:{id:diamond_boots,Count:1,tag:{display:{Name:""\""Bottes en diamant\""""}}}";"/summon villager 310.5 104 -266.5 {VillagerData:{profession:armorer,level:4,type:snow},Invulnerable:1,PersistenceRequired:1,CustomName:""\""Alban Bourque\"""",Offers:{Recipes:[{buy:{id:amethyst_cluster,Count:5},buyB:{id:small_amethyst_bud,Count:1},sell:{id:diamond_helmet,Count:1,tag:{display:{Name:""\""Casque en diamant\""""}}},xp:4,maxUses:9999999},{buy:{id:large_amethyst_bud,Count:8},buyB:{id:small_amethyst_bud,Count:4},sell:{id:golden_chestplate,Count:1,tag:{display:{Name:""\""Plastron en or\""""}}},xp:2,maxUses:9999999},{buy:{id:medium_amethyst_bud,Count:63},buyB:{id:small_amethyst_bud,Count:4},sell:{id:golden_leggings,Count:1,tag:{display:{Name:""\""Jambière en or\""""}}},xp:2,maxUses:9999999}, {buy:{id:amethyst_cluster,Count:4},buyB:{id:small_amethyst_bud,Count:1},sell:{id:diamond_boots,Count:1,tag:{display:{Name:""\""Bottes en diamant\""""}}},xp:4,maxUses:9999999}]}}";;;;;;;;;;;;;;;;
0003;Frank Alméras;Armurier;armorer;adulte;snow;expert;304 96 -198;;304 101 -201;Offers:{Recipes:[{buy:{id:medium_amethyst_bud,Count:5},buyB:{id:small_amethyst_bud,Count:2},sell:{id:chainmail_helmet,Count:1},xp:1,maxUses:9999999},{buy:{id:medium_amethyst_bud,Count:7},buyB:{id:small_amethyst_bud,Count:2},sell:{id:chainmail_chestplate,Count:1},xp:1,maxUses:9999999},{buy:{id:medium_amethyst_bud,Count:6},buyB:{id:small_amethyst_bud,Count:2},sell:{id:chainmail_leggings,Count:1},xp:1,maxUses:9999999},{buy:{id:medium_amethyst_bud,Count:3},buyB:{id:small_amethyst_bud,Count:2},sell:{id:chainmail_boots,Count:1},xp:1,maxUses:9999999},{buy:{id:medium_amethyst_bud,Count:5},buyB:{id:small_amethyst_bud,Count:2},sell:{id:iron_helmet,Count:1},xp:1,maxUses:9999999},{buy:{id:medium_amethyst_bud,Count:8},buyB:{id:small_amethyst_bud,Count:2},sell:{id:iron_chestplate,Count:1},xp:1,maxUses:9999999},{buy:{id:medium_amethyst_bud,Count:7},buyB:{id:small_amethyst_bud,Count:2},sell:{id:iron_leggings,Count:1},xp:1,maxUses:9999999},{buy:{id:medium_amethyst_bud,Count:4},buyB:{id:small_amethyst_bud,Count:2},sell:{id:iron_boots,Count:1},xp:1,maxUses:9999999}]}};"/summon villager 304 96 -198 {VillagerData:{profession:armorer,level:3,type:snow},Invulnerable:1,PersistenceRequired:1,NoAI:1,CustomName:""\""Frank Alméras\"""",Offers:{Recipes:[{buy:{id:medium_amethyst_bud,Count:5},buyB:{id:small_amethyst_bud,Count:2},sell:{id:chainmail_helmet,Count:1},xp:1,maxUses:9999999},{buy:{id:medium_amethyst_bud,Count:7},buyB:{id:small_amethyst_bud,Count:2},sell:{id:chainmail_chestplate,Count:1},xp:1,maxUses:9999999},{buy:{id:medium_amethyst_bud,Count:6},buyB:{id:small_amethyst_bud,Count:2},sell:{id:chainmail_leggings,Count:1},xp:1,maxUses:9999999},{buy:{id:medium_amethyst_bud,Count:3},buyB:{id:small_amethyst_bud,Count:2},sell:{id:chainmail_boots,Count:1},xp:1,maxUses:9999999},{buy:{id:medium_amethyst_bud,Count:5},buyB:{id:small_amethyst_bud,Count:2},sell:{id:iron_helmet,Count:1},xp:1,maxUses:9999999},{buy:{id:medium_amethyst_bud,Count:8},buyB:{id:small_amethyst_bud,Count:2},sell:{id:iron_chestplate,Count:1},xp:1,maxUses:9999999},{buy:{id:medium_amethyst_bud,Count:7},buyB:{id:small_amethyst_bud,Count:2},sell:{id:iron_leggings,Count:1},xp:1,maxUses:9999999},{buy:{id:medium_amethyst_bud,Count:4},buyB:{id:small_amethyst_bud,Count:2},sell:{id:iron_boots,Count:1},xp:1,maxUses:9999999}]}}";;;;;;;;;;;;;;;;
0004;Albert Bourque;Armurier;armorer;adulte;snow;expert;300.5 86 -158.5;;271 122 -226;Offers:{Recipes:[{buy:{id:medium_amethyst_bud,Count:5},buyB:{id:small_amethyst_bud,Count:2},sell:{id:iron_helmet,Count:1},xp:1,maxUses:9999999},{buy:{id:medium_amethyst_bud,Count:7},buyB:{id:small_amethyst_bud,Count:2},sell:{id:chainmail_chestplate,Count:1},xp:1,maxUses:9999999},{buy:{id:medium_amethyst_bud,Count:6},buyB:{id:small_amethyst_bud,Count:2},sell:{id:chainmail_leggings,Count:1},xp:1,maxUses:9999999},{buy:{id:medium_amethyst_bud,Count:4},buyB:{id:small_amethyst_bud,Count:2},sell:{id:iron_boots,Count:1},xp:1,maxUses:9999999}]}};"/summon villager 300.5 86 -158.5 {VillagerData:{profession:armorer,level:3,type:snow},Invulnerable:1,PersistenceRequired:1,CustomName:""\""Albert Bourque\"""",Offers:{Recipes:[{buy:{id:medium_amethyst_bud,Count:5},buyB:{id:small_amethyst_bud,Count:2},sell:{id:iron_helmet,Count:1},xp:1,maxUses:9999999},{buy:{id:medium_amethyst_bud,Count:7},buyB:{id:small_amethyst_bud,Count:2},sell:{id:chainmail_chestplate,Count:1},xp:1,maxUses:9999999},{buy:{id:medium_amethyst_bud,Count:6},buyB:{id:small_amethyst_bud,Count:2},sell:{id:chainmail_leggings,Count:1},xp:1,maxUses:9999999},{buy:{id:medium_amethyst_bud,Count:4},buyB:{id:small_amethyst_bud,Count:2},sell:{id:iron_boots,Count:1},xp:1,maxUses:9999999}]}}";;;;;;;;;;;;;;;;
0005;Gabriel Hébras;Fabriquant d'arme;weaponsmith;adulte;snow;maitre;280.5 110 -227.5;20f,20f;292 113 -233;"Offers:{Recipes:[{buy:{id:medium_amethyst_bud,Count:19},buyB:{id:small_amethyst_bud,Count:5},sell:{id:golden_sword,Count:1,tag:{display:{Name:""\""Epée en or\""""}}},xp:1,maxUses:9999999},{buy:{id:large_amethyst_bud,Count:18},buyB:{id:small_amethyst_bud,Count:7},sell:{id:diamond_sword,Count:1,tag:{display:{Name:""\""Epée en diamant\""""}}},xp:2,maxUses:9999999},{buy:{id:large_amethyst_bud,Count:28},sell:{id:diamond_sword,Count:1,tag:{display:{Name:""\""Epée en diamant enchantement\"""",Lore:[""\""Arachnépée\""""]},Enchantments:[{id:bane_of_arthropods,lvl:4},{id:sweeping,lvl:2},{id:unbreaking,lvl:2}]}},xp:4,maxUses:9999999},{buy:{id:large_amethyst_bud,Count:28},sell:{id:diamond_sword,Count:1,tag:{display:{Name:""\""Epée en diamant enchanté\"""",Lore:[""\""L'art de temporiser les combats\""""]},Enchantments:[{id:knockback,lvl:2},{id:fire_aspect,lvl:2},{id:unbreaking,lvl:2}]}},xp:4,maxUses:9999999},{buy:{id:large_amethyst_bud,Count:28},sell:{id:diamond_sword,Count:1,tag:{display:{Name:""\""Epée en diamant enchanté\"""",Lore:[""\""Luxure au combat\""""]},Enchantments:[{id:sharpness,lvl:4},{id:looting,lvl:2},{id:unbreaking,lvl:2}]}},xp:4,maxUses:9999999},{buy:{id:large_amethyst_bud,Count:28},sell:{id:diamond_sword,Count:1,tag:{display:{Name:""\""Epée en diamant enchanté\"""",Lore:[""\""Tueuse d'ordes de morts vivants\""""]},Enchantments:[{id:smite,lvl:4},{id:sweeping,lvl:2},{id:unbreaking,lvl:2}]}},xp:4,maxUses:9999999},{buy:{id:medium_amethyst_bud,Count:54},buyB:{id:small_amethyst_bud,Count:1},sell:{id:shield,Count:1,tag:{display:{Name:""\""Bouclier\""""}}},xp:1,maxUses:9999999},{buy:{id:medium_amethyst_bud,Count:60},sell:{id:shield,Count:1,tag:{display:{Name:""\""Bouclier enchanté\"""",Lore:[""\""La peur des creepers\""""]},Enchantments:[{id:unbreaking,lvl:3}]}},xp:4,maxUses:9999999}]}}";"/summon villager 280.5 110 -227.5 {VillagerData:{profession:weaponsmith,level:4,type:snow},Invulnerable:1,PersistenceRequired:1,NoAI:1,Rotation:[20f,20f],CustomName:""\""Gabriel Hébras\"""",Offers:{Recipes:[{buy:{id:medium_amethyst_bud,Count:19},buyB:{id:small_amethyst_bud,Count:5},sell:{id:golden_sword,Count:1,tag:{display:{Name:""\""Epée en or\""""}}},xp:1,maxUses:9999999},{buy:{id:large_amethyst_bud,Count:18},buyB:{id:small_amethyst_bud,Count:7},sell:{id:diamond_sword,Count:1,tag:{display:{Name:""\""Epée en diamant\""""}}},xp:2,maxUses:9999999},{buy:{id:large_amethyst_bud,Count:28},sell:{id:diamond_sword,Count:1,tag:{display:{Name:""\""Epée en diamant enchantement\"""",Lore:[""\""Arachnépée\""""]},Enchantments:[{id:bane_of_arthropods,lvl:4},{id:sweeping,lvl:2},{id:unbreaking,lvl:2}]}},xp:4,maxUses:9999999},{buy:{id:large_amethyst_bud,Count:28},sell:{id:diamond_sword,Count:1,tag:{display:{Name:""\""Epée en diamant enchanté\"""",Lore:[""\""L'art de temporiser les combats\""""]},Enchantments:[{id:knockback,lvl:2},{id:fire_aspect,lvl:2},{id:unbreaking,lvl:2}]}},xp:4,maxUses:9999999},{buy:{id:large_amethyst_bud,Count:28},sell:{id:diamond_sword,Count:1,tag:{display:{Name:""\""Epée en diamant enchanté\"""",Lore:[""\""Luxure au combat\""""]},Enchantments:[{id:sharpness,lvl:4},{id:looting,lvl:2},{id:unbreaking,lvl:2}]}},xp:4,maxUses:9999999},{buy:{id:large_amethyst_bud,Count:28},sell:{id:diamond_sword,Count:1,tag:{display:{Name:""\""Epée en diamant enchanté\"""",Lore:[""\""Tueuse d'ordes de morts vivants\""""]},Enchantments:[{id:smite,lvl:4},{id:sweeping,lvl:2},{id:unbreaking,lvl:2}]}},xp:4,maxUses:9999999},{buy:{id:medium_amethyst_bud,Count:54},buyB:{id:small_amethyst_bud,Count:1},sell:{id:shield,Count:1,tag:{display:{Name:""\""Bouclier\""""}}},xp:1,maxUses:9999999},{buy:{id:medium_amethyst_bud,Count:60},sell:{id:shield,Count:1,tag:{display:{Name:""\""Bouclier enchanté\"""",Lore:[""\""La peur des creepers\""""]},Enchantments:[{id:unbreaking,lvl:3}]}},xp:4,maxUses:9999999}]}}";;;;;;;;;;;;;;;;
0006;Xavier Adnet;Fabriquant d'arme;weaponsmith;adulte;snow;maitre;300.5 104 -239.5;20f,20f;329 113 -228;"Offers:{Recipes:[{buy:{id:medium_amethyst_bud,Count:19},buyB:{id:small_amethyst_bud,Count:5},sell:{id:golden_sword,Count:1,tag:{display:{Name:""\""Epée en or\""""}}},xp:1,maxUses:9999999},{buy:{id:large_amethyst_bud,Count:18},buyB:{id:small_amethyst_bud,Count:7},sell:{id:diamond_sword,Count:1,tag:{display:{Name:""\""Epée en diamant\""""}}},xp:2,maxUses:9999999}]}}";"/summon villager 300.5 104 -239.5 {VillagerData:{profession:weaponsmith,level:4,type:snow},Invulnerable:1,PersistenceRequired:1,Rotation:[20f,20f],CustomName:""\""Xavier Adnet\"""",Offers:{Recipes:[{buy:{id:medium_amethyst_bud,Count:19},buyB:{id:small_amethyst_bud,Count:5},sell:{id:golden_sword,Count:1,tag:{display:{Name:""\""Epée en or\""""}}},xp:1,maxUses:9999999},{buy:{id:large_amethyst_bud,Count:18},buyB:{id:small_amethyst_bud,Count:7},sell:{id:diamond_sword,Count:1,tag:{display:{Name:""\""Epée en diamant\""""}}},xp:2,maxUses:9999999}]}}";;;;;;;;;;;;;;;;
0007;Nicolas Hébras;Fabriquant d'arme;weaponsmith;adulte;snow;expert;304 96 -205;30f,0f;302 105 -203;"Offers:{Recipes:[{buy:{id:medium_amethyst_bud,Count:1},buyB:{id:small_amethyst_bud,Count:1},sell:{id:wooden_sword,Count:1},rewardExp:0b,maxUses:9999999},{buy:{id:medium_amethyst_bud,Count:1},buyB:{id:small_amethyst_bud,Count:6},sell:{id:stone_sword,Count:1},rewardExp:0b,maxUses:9999999},{buy:{id:medium_amethyst_bud,Count:2},buyB:{id:small_amethyst_bud,Count:4},sell:{id:iron_sword,Count:1},rewardExp:0b,maxUses:9999999},{buy:{id:medium_amethyst_bud,Count:54},buyB:{id:small_amethyst_bud,Count:6},sell:{id:shield,Count:1,tag:{display:{Name:""\""Bouclier\""""}}},xp:1,maxUses:9999999}]}}";"/summon villager 304 96 -205 {VillagerData:{profession:weaponsmith,level:3,type:snow},Invulnerable:1,PersistenceRequired:1,NoAI:1,Rotation:[30f,0f],CustomName:""\""Nicolas Hébras\"""",Offers:{Recipes:[{buy:{id:medium_amethyst_bud,Count:1},buyB:{id:small_amethyst_bud,Count:1},sell:{id:wooden_sword,Count:1},rewardExp:0b,maxUses:9999999},{buy:{id:medium_amethyst_bud,Count:1},buyB:{id:small_amethyst_bud,Count:6},sell:{id:stone_sword,Count:1},rewardExp:0b,maxUses:9999999},{buy:{id:medium_amethyst_bud,Count:2},buyB:{id:small_amethyst_bud,Count:4},sell:{id:iron_sword,Count:1},rewardExp:0b,maxUses:9999999},{buy:{id:medium_amethyst_bud,Count:54},buyB:{id:small_amethyst_bud,Count:6},sell:{id:shield,Count:1,tag:{display:{Name:""\""Bouclier\""""}}},xp:1,maxUses:9999999}]}}";;;;;;;;;;;;;;;;
0008;Henri Ponce;Fabriquant d'arme;weaponsmith;adulte;snow;expert;306.5 84 -145.5;30f,0f;243 126 -250;Offers:{Recipes:[{buy:{id:medium_amethyst_bud,Count:1},buyB:{id:small_amethyst_bud,Count:1},sell:{id:wooden_sword,Count:1},rewardExp:0b,maxUses:9999999},{buy:{id:medium_amethyst_bud,Count:1},buyB:{id:small_amethyst_bud,Count:6},sell:{id:stone_sword,Count:1},rewardExp:0b,maxUses:9999999},{buy:{id:medium_amethyst_bud,Count:2},buyB:{id:small_amethyst_bud,Count:4},sell:{id:iron_sword,Count:1},rewardExp:0b,maxUses:9999999}]}};"/summon villager 306.5 84 -145.5 {VillagerData:{profession:weaponsmith,level:3,type:snow},Invulnerable:1,PersistenceRequired:1,Rotation:[30f,0f],CustomName:""\""Henri Ponce\"""",Offers:{Recipes:[{buy:{id:medium_amethyst_bud,Count:1},buyB:{id:small_amethyst_bud,Count:1},sell:{id:wooden_sword,Count:1},rewardExp:0b,maxUses:9999999},{buy:{id:medium_amethyst_bud,Count:1},buyB:{id:small_amethyst_bud,Count:6},sell:{id:stone_sword,Count:1},rewardExp:0b,maxUses:9999999},{buy:{id:medium_amethyst_bud,Count:2},buyB:{id:small_amethyst_bud,Count:4},sell:{id:iron_sword,Count:1},rewardExp:0b,maxUses:9999999}]}}";;;;;;;;;;;;;;;;
0009;Patrice Hébras;Fabricant d'outil;weaponsmith;adulte;snow;maitre;288 108 -229;;292 113 -233;"Offers:{Recipes:[{buy:{id:medium_amethyst_bud,Count:10},buyB:{id:small_amethyst_bud,Count:5},sell:{id:golden_shovel,Count:1,tag:{display:{Name:""\""Pelle en or\""""}}},xp:1,maxUses:9999999},{buy:{id:medium_amethyst_bud,Count:19},buyB:{id:small_amethyst_bud,Count:5},sell:{id:golden_hoe,Count:1,tag:{display:{Name:""\""Houe en or\""""}}},xp:1,maxUses:9999999},{buy:{id:medium_amethyst_bud,Count:28},buyB:{id:small_amethyst_bud,Count:5},sell:{id:golden_axe,Count:1,tag:{display:{Name:""\""Hache en or\""""}}},xp:1,maxUses:9999999},{buy:{id:medium_amethyst_bud,Count:28},buyB:{id:small_amethyst_bud,Count:5},sell:{id:golden_pickaxe,Count:1,tag:{display:{Name:""\""Pioche en or\""""}}},xp:1,maxUses:9999999},{buy:{id:large_amethyst_bud,Count:9},buyB:{id:small_amethyst_bud,Count:7},sell:{id:diamond_shovel,Count:1,tag:{display:{Name:""\""Pelle en diamant\""""}}},xp:2,maxUses:9999999}, {buy:{id:large_amethyst_bud,Count:18},buyB:{id:small_amethyst_bud,Count:7},sell:{id:diamond_hoe,Count:1,tag:{display:{Name:""\""Houe en diamant\""""}}},xp:2,maxUses:9999999},{buy:{id:large_amethyst_bud,Count:27},buyB:{id:small_amethyst_bud,Count:7},sell:{id:diamond_axe,Count:1,tag:{display:{Name:""\""Hache en diamant\""""}}},xp:2,maxUses:9999999},{buy:{id:large_amethyst_bud,Count:27},buyB:{id:small_amethyst_bud,Count:7},sell:{id:diamond_pickaxe,Count:1,tag:{display:{Name:""\""Pioche en diamant\""""}}},xp:2,maxUses:9999999}, {buy:{id:large_amethyst_bud,Count:11},sell:{id:diamond_shovel,Count:1,tag:{display:{Name:""\""Pelle en diamant\""""},Enchantments:[{id:efficiency,lvl:3},{id:unbreaking,lvl:2},{id:fortune,lvl:2}]}},xp:4,maxUses:9999999}, {buy:{id:large_amethyst_bud,Count:20},sell:{id:diamond_hoe,Count:1,tag:{display:{Name:""\""Houe en diamant enchantée\""""},Enchantments:[{id:unbreaking,lvl:2},{id:fortune,lvl:2}]}},xp:4,maxUses:9999999}, {buy:{id:large_amethyst_bud,Count:30},sell:{id:diamond_axe,Count:1,tag:{display:{Name:""\""Hache en diamant enchanté\""""},Enchantments:[{id:sharpness,lvl:3},{id:efficiency,lvl:3},{id:unbreaking,lvl:2}]}},rewardExp:0b,maxUses:9999999},{buy:{id:large_amethyst_bud,Count:30},sell:{id:diamond_pickaxe,Count:1,tag:{display:{Name:""\""Pioche en diamant enchanté\""""},Enchantments:[{id:efficiency,lvl:4},{id:unbreaking,lvl:2},{id:fortune,lvl:1}]}},xp:4,maxUses:9999999}]}}";"/summon villager 288 108 -229 {VillagerData:{profession:weaponsmith,level:4,type:snow},Invulnerable:1,PersistenceRequired:1,NoAI:1,CustomName:""\""Patrice Hébras\"""",Rotation:[180f,0f],Offers:{Recipes:[{buy:{id:medium_amethyst_bud,Count:10},buyB:{id:small_amethyst_bud,Count:5},sell:{id:golden_shovel,Count:1,tag:{display:{Name:""\""Pelle en or\""""}}},xp:1,maxUses:9999999},{buy:{id:medium_amethyst_bud,Count:19},buyB:{id:small_amethyst_bud,Count:5},sell:{id:golden_hoe,Count:1,tag:{display:{Name:""\""Houe en or\""""}}},xp:1,maxUses:9999999},{buy:{id:medium_amethyst_bud,Count:28},buyB:{id:small_amethyst_bud,Count:5},sell:{id:golden_axe,Count:1,tag:{display:{Name:""\""Hache en or\""""}}},xp:1,maxUses:9999999},{buy:{id:medium_amethyst_bud,Count:28},buyB:{id:small_amethyst_bud,Count:5},sell:{id:golden_pickaxe,Count:1,tag:{display:{Name:""\""Pioche en or\""""}}},xp:1,maxUses:9999999},{buy:{id:large_amethyst_bud,Count:9},buyB:{id:small_amethyst_bud,Count:7},sell:{id:diamond_shovel,Count:1,tag:{display:{Name:""\""Pelle en diamant\""""}}},xp:2,maxUses:9999999}, {buy:{id:large_amethyst_bud,Count:18},buyB:{id:small_amethyst_bud,Count:7},sell:{id:diamond_hoe,Count:1,tag:{display:{Name:""\""Houe en diamant\""""}}},xp:2,maxUses:9999999},{buy:{id:large_amethyst_bud,Count:27},buyB:{id:small_amethyst_bud,Count:7},sell:{id:diamond_axe,Count:1,tag:{display:{Name:""\""Hache en diamant\""""}}},xp:2,maxUses:9999999},{buy:{id:large_amethyst_bud,Count:27},buyB:{id:small_amethyst_bud,Count:7},sell:{id:diamond_pickaxe,Count:1,tag:{display:{Name:""\""Pioche en diamant\""""}}},xp:2,maxUses:9999999}, {buy:{id:large_amethyst_bud,Count:11},sell:{id:diamond_shovel,Count:1,tag:{display:{Name:""\""Pelle en diamant\""""},Enchantments:[{id:efficiency,lvl:3},{id:unbreaking,lvl:2},{id:fortune,lvl:2}]}},xp:4,maxUses:9999999}, {buy:{id:large_amethyst_bud,Count:20},sell:{id:diamond_hoe,Count:1,tag:{display:{Name:""\""Houe en diamant enchantée\""""},Enchantments:[{id:unbreaking,lvl:2},{id:fortune,lvl:2}]}},xp:4,maxUses:9999999}, {buy:{id:large_amethyst_bud,Count:30},sell:{id:diamond_axe,Count:1,tag:{display:{Name:""\""Hache en diamant enchanté\""""},Enchantments:[{id:sharpness,lvl:3},{id:efficiency,lvl:3},{id:unbreaking,lvl:2}]}},rewardExp:0b,maxUses:9999999},{buy:{id:large_amethyst_bud,Count:30},sell:{id:diamond_pickaxe,Count:1,tag:{display:{Name:""\""Pioche en diamant enchanté\""""},Enchantments:[{id:efficiency,lvl:4},{id:unbreaking,lvl:2},{id:fortune,lvl:1}]}},xp:4,maxUses:9999999}]}}";;;;;;;;;;;;;;;;
0010;Annette Bourque;Fabricant d'outil;weaponsmith;adulte;snow;maitre;297 104 -260;180f,0f;282 112 -254;"Offers:{Recipes:[{buy:{id:medium_amethyst_bud,Count:10},buyB:{id:small_amethyst_bud,Count:5},sell:{id:golden_shovel,Count:1,tag:{display:{Name:""\""Pelle en or\""""}}},xp:1,maxUses:9999999},{buy:{id:medium_amethyst_bud,Count:19},buyB:{id:small_amethyst_bud,Count:5},sell:{id:golden_hoe,Count:1,tag:{display:{Name:""\""Houe en or\""""}}},xp:1,maxUses:9999999},{buy:{id:large_amethyst_bud,Count:27},buyB:{id:small_amethyst_bud,Count:7},sell:{id:diamond_axe,Count:1,tag:{display:{Name:""\""Hache en diamant\""""}}},xp:2,maxUses:9999999},{buy:{id:large_amethyst_bud,Count:27},buyB:{id:small_amethyst_bud,Count:7},sell:{id:diamond_pickaxe,Count:1,tag:{display:{Name:""\""Pioche en diamant\""""}}},xp:2,maxUses:9999999}]}}";"/summon villager 297 104 -260 {VillagerData:{profession:weaponsmith,level:4,type:snow},Invulnerable:1,PersistenceRequired:1,CustomName:""\""Annette Bourque\"""",Rotation:[180f,0f],Offers:{Recipes:[{buy:{id:medium_amethyst_bud,Count:10},buyB:{id:small_amethyst_bud,Count:5},sell:{id:golden_shovel,Count:1,tag:{display:{Name:""\""Pelle en or\""""}}},xp:1,maxUses:9999999},{buy:{id:medium_amethyst_bud,Count:19},buyB:{id:small_amethyst_bud,Count:5},sell:{id:golden_hoe,Count:1,tag:{display:{Name:""\""Houe en or\""""}}},xp:1,maxUses:9999999},{buy:{id:large_amethyst_bud,Count:27},buyB:{id:small_amethyst_bud,Count:7},sell:{id:diamond_axe,Count:1,tag:{display:{Name:""\""Hache en diamant\""""}}},xp:2,maxUses:9999999},{buy:{id:large_amethyst_bud,Count:27},buyB:{id:small_amethyst_bud,Count:7},sell:{id:diamond_pickaxe,Count:1,tag:{display:{Name:""\""Pioche en diamant\""""}}},xp:2,maxUses:9999999}]}}";;;;;;;;;;;;;;;;
0011;Pierre Lefrançois;Fabricant d'outil;weaponsmith;adulte;snow;expert;305 86 -159;300f,0f;290 110 -260;Offers:{Recipes:[{buy:{id:medium_amethyst_bud,Count:1},sell:{id:wooden_shovel,Count:1},rewardExp:0b,maxUses:9999999},{buy:{id:medium_amethyst_bud,Count:1},buyB:{id:small_amethyst_bud,Count:3},sell:{id:wooden_hoe,Count:1},rewardExp:0b,maxUses:9999999},{buy:{id:medium_amethyst_bud,Count:1},buyB:{id:small_amethyst_bud,Count:7},sell:{id:wooden_axe,Count:1},rewardExp:0b,maxUses:9999999}, {buy:{id:medium_amethyst_bud,Count:1},buyB:{id:small_amethyst_bud,Count:7},sell:{id:wooden_pickaxe,Count:1},rewardExp:0b,maxUses:9999999},{buy:{id:medium_amethyst_bud,Count:2},buyB:{id:small_amethyst_bud,Count:4},sell:{id:stone_axe,Count:1},rewardExp:0b,maxUses:9999999}, {buy:{id:medium_amethyst_bud,Count:2},buyB:{id:small_amethyst_bud,Count:4},sell:{id:stone_pickaxe,Count:1},rewardExp:0b,maxUses:9999999}]}};"/summon villager 305 86 -159 {VillagerData:{profession:weaponsmith,level:3,type:snow},Invulnerable:1,PersistenceRequired:1,Rotation:[300f,0f],CustomName:""\""Pierre Lefrançois\"""",Offers:{Recipes:[{buy:{id:medium_amethyst_bud,Count:1},sell:{id:wooden_shovel,Count:1},rewardExp:0b,maxUses:9999999},{buy:{id:medium_amethyst_bud,Count:1},buyB:{id:small_amethyst_bud,Count:3},sell:{id:wooden_hoe,Count:1},rewardExp:0b,maxUses:9999999},{buy:{id:medium_amethyst_bud,Count:1},buyB:{id:small_amethyst_bud,Count:7},sell:{id:wooden_axe,Count:1},rewardExp:0b,maxUses:9999999}, {buy:{id:medium_amethyst_bud,Count:1},buyB:{id:small_amethyst_bud,Count:7},sell:{id:wooden_pickaxe,Count:1},rewardExp:0b,maxUses:9999999},{buy:{id:medium_amethyst_bud,Count:2},buyB:{id:small_amethyst_bud,Count:4},sell:{id:stone_axe,Count:1},rewardExp:0b,maxUses:9999999}, {buy:{id:medium_amethyst_bud,Count:2},buyB:{id:small_amethyst_bud,Count:4},sell:{id:stone_pickaxe,Count:1},rewardExp:0b,maxUses:9999999}]}}";;;;;;;;;;;;;;;;
0012;Damien Alméras;Fabricant d'outil;weaponsmith;adulte;snow;expert;306 96 -203;300f,0f;306 105 -204;Offers:{Recipes:[{buy:{id:medium_amethyst_bud,Count:1},sell:{id:wooden_shovel,Count:1},rewardExp:0b,maxUses:9999999},{buy:{id:medium_amethyst_bud,Count:1},buyB:{id:small_amethyst_bud,Count:3},sell:{id:wooden_hoe,Count:1},rewardExp:0b,maxUses:9999999},{buy:{id:medium_amethyst_bud,Count:1},buyB:{id:small_amethyst_bud,Count:7},sell:{id:wooden_axe,Count:1},rewardExp:0b,maxUses:9999999}, {buy:{id:medium_amethyst_bud,Count:1},buyB:{id:small_amethyst_bud,Count:7},sell:{id:wooden_pickaxe,Count:1},rewardExp:0b,maxUses:9999999},{buy:{id:medium_amethyst_bud,Count:1},buyB:{id:small_amethyst_bud,Count:2},sell:{id:stone_shovel,Count:1},rewardExp:0b,maxUses:9999999},{buy:{id:medium_amethyst_bud,Count:1},buyB:{id:small_amethyst_bud,Count:8},sell:{id:stone_hoe,Count:1},rewardExp:0b,maxUses:9999999},{buy:{id:medium_amethyst_bud,Count:2},buyB:{id:small_amethyst_bud,Count:4},sell:{id:stone_axe,Count:1},rewardExp:0b,maxUses:9999999}, {buy:{id:medium_amethyst_bud,Count:2},buyB:{id:small_amethyst_bud,Count:4},sell:{id:stone_pickaxe,Count:1},rewardExp:0b,maxUses:9999999}, {buy:{id:medium_amethyst_bud,Count:1},buyB:{id:small_amethyst_bud,Count:6},sell:{id:iron_shovel,Count:1},xp:1,maxUses:9999999},{buy:{id:medium_amethyst_bud,Count:2},buyB:{id:small_amethyst_bud,Count:6},sell:{id:iron_hoe,Count:1},xp:1,maxUses:9999999},{buy:{id:medium_amethyst_bud,Count:3},buyB:{id:small_amethyst_bud,Count:6},sell:{id:iron_axe,Count:1},xp:1,maxUses:9999999},{buy:{id:medium_amethyst_bud,Count:3},buyB:{id:small_amethyst_bud,Count:6},sell:{id:iron_pickaxe,Count:1},xp:1,maxUses:9999999}]}};"/summon villager 306 96 -203 {VillagerData:{profession:weaponsmith,level:3,type:snow},Invulnerable:1,PersistenceRequired:1,NoAI:1,Rotation:[300f,0f],CustomName:""\""Damien Alméras\"""",Offers:{Recipes:[{buy:{id:medium_amethyst_bud,Count:1},sell:{id:wooden_shovel,Count:1},rewardExp:0b,maxUses:9999999},{buy:{id:medium_amethyst_bud,Count:1},buyB:{id:small_amethyst_bud,Count:3},sell:{id:wooden_hoe,Count:1},rewardExp:0b,maxUses:9999999},{buy:{id:medium_amethyst_bud,Count:1},buyB:{id:small_amethyst_bud,Count:7},sell:{id:wooden_axe,Count:1},rewardExp:0b,maxUses:9999999}, {buy:{id:medium_amethyst_bud,Count:1},buyB:{id:small_amethyst_bud,Count:7},sell:{id:wooden_pickaxe,Count:1},rewardExp:0b,maxUses:9999999},{buy:{id:medium_amethyst_bud,Count:1},buyB:{id:small_amethyst_bud,Count:2},sell:{id:stone_shovel,Count:1},rewardExp:0b,maxUses:9999999},{buy:{id:medium_amethyst_bud,Count:1},buyB:{id:small_amethyst_bud,Count:8},sell:{id:stone_hoe,Count:1},rewardExp:0b,maxUses:9999999},{buy:{id:medium_amethyst_bud,Count:2},buyB:{id:small_amethyst_bud,Count:4},sell:{id:stone_axe,Count:1},rewardExp:0b,maxUses:9999999}, {buy:{id:medium_amethyst_bud,Count:2},buyB:{id:small_amethyst_bud,Count:4},sell:{id:stone_pickaxe,Count:1},rewardExp:0b,maxUses:9999999}, {buy:{id:medium_amethyst_bud,Count:1},buyB:{id:small_amethyst_bud,Count:6},sell:{id:iron_shovel,Count:1},xp:1,maxUses:9999999},{buy:{id:medium_amethyst_bud,Count:2},buyB:{id:small_amethyst_bud,Count:6},sell:{id:iron_hoe,Count:1},xp:1,maxUses:9999999},{buy:{id:medium_amethyst_bud,Count:3},buyB:{id:small_amethyst_bud,Count:6},sell:{id:iron_axe,Count:1},xp:1,maxUses:9999999},{buy:{id:medium_amethyst_bud,Count:3},buyB:{id:small_amethyst_bud,Count:6},sell:{id:iron_pickaxe,Count:1},xp:1,maxUses:9999999}]}}";;;;;;;;;;;;;;;;
0013;Jean-Yves Lefrançois;Forge acheteur;armorer;adulte;snow;maitre;291 108 -229;150f,0f;289 110 -264;"Offers:{Recipes:[{buy:{id:stick,Count:1},sell:{id:small_amethyst_bud,Count:1,tag:{display:{Name:""\""Pert\"""",Lore:[""\""Monnaie\""""]}}},rewardExp:0b,maxUses:9999999}, {buy:{id:raw_gold,Count:1},sell:{id:medium_amethyst_bud,Count:5,tag:{display:{Name:""\""Peore\"""",Lore:[""\""Monnaie\""""]}}},rewardExp:0b,maxUses:9999999}, {buy:{id:gold_ingot,Count:1},sell:{id:large_amethyst_bud,Count:1,tag:{display:{Name:""\""Pedisme\"""",Lore:[""\""Monnaie\""""]}}},xp:1,maxUses:9999999},{buy:{id:diamond,Count:1},sell:{id:amethyst_cluster,Count:1,tag:{display:{Name:""\""Penausme\"""",Lore:[""\""Monnaie\""""]}}},xp:1,maxUses:9999999}]}}";"/summon villager 291 108 -229 {VillagerData:{profession:armorer,level:4,type:snow},Invulnerable:1,PersistenceRequired:1,NoAI:1,Rotation:[150f,0f],CustomName:""\""Jean-Yves Lefrançois\"""",Offers:{Recipes:[{buy:{id:stick,Count:1},sell:{id:small_amethyst_bud,Count:1,tag:{display:{Name:""\""Pert\"""",Lore:[""\""Monnaie\""""]}}},rewardExp:0b,maxUses:9999999}, {buy:{id:raw_gold,Count:1},sell:{id:medium_amethyst_bud,Count:5,tag:{display:{Name:""\""Peore\"""",Lore:[""\""Monnaie\""""]}}},rewardExp:0b,maxUses:9999999}, {buy:{id:gold_ingot,Count:1},sell:{id:large_amethyst_bud,Count:1,tag:{display:{Name:""\""Pedisme\"""",Lore:[""\""Monnaie\""""]}}},xp:1,maxUses:9999999},{buy:{id:diamond,Count:1},sell:{id:amethyst_cluster,Count:1,tag:{display:{Name:""\""Penausme\"""",Lore:[""\""Monnaie\""""]}}},xp:1,maxUses:9999999}]}}";;;;;;;;;;;;;;;;
0014;Désirée Alméras;Forge acheteur;armorer;adulte;snow;expert;302 96 -197;300f,0f;304 102 -201;Offers:{Recipes:[{buy:{id:stick,Count:1},sell:{id:small_amethyst_bud,Count:1},rewardExp:0b,maxUses:9999999},{buy:{id:cobblestone,Count:1},sell:{id:small_amethyst_bud,Count:5},rewardExp:0b,maxUses:9999999},{buy:{id:raw_iron,Count:1},sell:{id:small_amethyst_bud,Count:4},rewardExp:0b,maxUses:9999999},{buy:{id:iron_ingot,Count:1},sell:{id:medium_amethyst_bud,Count:1},xp:1,maxUses:9999999}]}};"/summon villager 302 96 -197 {VillagerData:{profession:armorer,level:3,type:snow},Invulnerable:1,PersistenceRequired:1,NoAI:1,Rotation:[300f,0f],CustomName:""\""Désirée Alméras\"""",Offers:{Recipes:[{buy:{id:stick,Count:1},sell:{id:small_amethyst_bud,Count:1},rewardExp:0b,maxUses:9999999},{buy:{id:cobblestone,Count:1},sell:{id:small_amethyst_bud,Count:5},rewardExp:0b,maxUses:9999999},{buy:{id:raw_iron,Count:1},sell:{id:small_amethyst_bud,Count:4},rewardExp:0b,maxUses:9999999},{buy:{id:iron_ingot,Count:1},sell:{id:medium_amethyst_bud,Count:1},xp:1,maxUses:9999999}]}}";;;;;;;;;;;;;;;;
0015;Timothée Montgomery;Banquier;banquier_depot;adulte;snow;maitre;330 104 -227;90f,0f;329 113 -227;"Offers:{Recipes:[{buy:{id:small_amethyst_bud,Count:9},sell:{id:medium_amethyst_bud,Count:1,tag:{display:{Name:""\""Peore\"""",Lore:[""\""Monnaie\""""]}}},xp:1,maxUses:9999999},{buy:{id:medium_amethyst_bud,Count:9},sell:{id:large_amethyst_bud,Count:1,tag:{display:{Name:""\""Pedisme\"""",Lore:[""\""Monnaie\""""]}}},xp:1,maxUses:9999999},{buy:{id:large_amethyst_bud,Count:9},sell:{id:amethyst_cluster,Count:1,tag:{display:{Name:""\""Penausme\"""",Lore:[""\""Monnaie\""""]}}},xp:2,maxUses:9999999},{buy:{id:amethyst_cluster,Count:9},sell:{id:nether_star,Count:1,tag:{display:{Name:""\""Penerithisme\"""",Lore:[""\""Monnaie\""""]}}},xp:3,maxUses:9999999},{buy:{id:nether_star,Count:1},sell:{id:amethyst_cluster,Count:9,tag:{display:{Name:""\""Penausme\"""",Lore:[""\""Monnaie\""""]}}},xp:2,maxUses:9999999},{buy:{id:amethyst_cluster,Count:1},sell:{id:large_amethyst_bud,Count:9,tag:{display:{Name:""\""Pedisme\"""",Lore:[""\""Monnaie\""""]}}},xp:1,maxUses:9999999},{buy:{id:large_amethyst_bud,Count:1},sell:{id:medium_amethyst_bud,Count:9,tag:{display:{Name:""\""Peore\"""",Lore:[""\""Monnaie\""""]}}},xp:1,maxUses:9999999},{buy:{id:medium_amethyst_bud,Count:1},sell:{id:small_amethyst_bud,Count:9,tag:{display:{Name:""\""Pert\"""",Lore:[""\""Monnaie\""""]}}},xp:1,maxUses:9999999}]}}";"/summon villager 330 104 -226 {VillagerData:{profession:cleric,level:4,type:snow},Invulnerable:1,PersistenceRequired:1,NoAI:1,Rotation:[90f,0f],CustomName:""\""Timothée Montgomery\"""",Offers:{Recipes:[{buy:{id:small_amethyst_bud,Count:9},sell:{id:medium_amethyst_bud,Count:1,tag:{display:{Name:""\""Peore\"""",Lore:[""\""Monnaie\""""]}}},xp:1,maxUses:9999999},{buy:{id:medium_amethyst_bud,Count:9},sell:{id:large_amethyst_bud,Count:1,tag:{display:{Name:""\""Pedisme\"""",Lore:[""\""Monnaie\""""]}}},xp:1,maxUses:9999999},{buy:{id:large_amethyst_bud,Count:9},sell:{id:amethyst_cluster,Count:1,tag:{display:{Name:""\""Penausme\"""",Lore:[""\""Monnaie\""""]}}},xp:2,maxUses:9999999},{buy:{id:amethyst_cluster,Count:9},sell:{id:nether_star,Count:1,tag:{display:{Name:""\""Penerithisme\"""",Lore:[""\""Monnaie\""""]}}},xp:3,maxUses:9999999},{buy:{id:nether_star,Count:1},sell:{id:amethyst_cluster,Count:9,tag:{display:{Name:""\""Penausme\"""",Lore:[""\""Monnaie\""""]}}},xp:2,maxUses:9999999},{buy:{id:amethyst_cluster,Count:1},sell:{id:large_amethyst_bud,Count:9,tag:{display:{Name:""\""Pedisme\"""",Lore:[""\""Monnaie\""""]}}},xp:1,maxUses:9999999},{buy:{id:large_amethyst_bud,Count:1},sell:{id:medium_amethyst_bud,Count:9,tag:{display:{Name:""\""Peore\"""",Lore:[""\""Monnaie\""""]}}},xp:1,maxUses:9999999},{buy:{id:medium_amethyst_bud,Count:1},sell:{id:small_amethyst_bud,Count:9,tag:{display:{Name:""\""Pert\"""",Lore:[""\""Monnaie\""""]}}},xp:1,maxUses:9999999}]}}";;;;;;;;;;;;;;;;
0016;Pierrette Lefrançois;Banquier;cartographer;adulte;snow;maitre;330 104 -224;90f,0f;289 110 -261;"Offers:{Recipes:[{buy:{id:small_amethyst_bud,Count:9},sell:{id:medium_amethyst_bud,Count:1,tag:{display:{Name:""\""Peore\"""",Lore:[""\""Monnaie\""""]}}},xp:1,maxUses:9999999},{buy:{id:medium_amethyst_bud,Count:9},sell:{id:large_amethyst_bud,Count:1,tag:{display:{Name:""\""Pedisme\"""",Lore:[""\""Monnaie\""""]}}},xp:1,maxUses:9999999},{buy:{id:large_amethyst_bud,Count:9},sell:{id:amethyst_cluster,Count:1,tag:{display:{Name:""\""Penausme\"""",Lore:[""\""Monnaie\""""]}}},xp:2,maxUses:9999999},{buy:{id:amethyst_cluster,Count:9},sell:{id:nether_star,Count:1,tag:{display:{Name:""\""Penerithisme\"""",Lore:[""\""Monnaie\""""]}}},xp:3,maxUses:9999999},{buy:{id:nether_star,Count:1},sell:{id:amethyst_cluster,Count:9,tag:{display:{Name:""\""Penausme\"""",Lore:[""\""Monnaie\""""]}}},xp:2,maxUses:9999999},{buy:{id:amethyst_cluster,Count:1},sell:{id:large_amethyst_bud,Count:9,tag:{display:{Name:""\""Pedisme\"""",Lore:[""\""Monnaie\""""]}}},xp:1,maxUses:9999999},{buy:{id:large_amethyst_bud,Count:1},sell:{id:medium_amethyst_bud,Count:9,tag:{display:{Name:""\""Peore\"""",Lore:[""\""Monnaie\""""]}}},xp:1,maxUses:9999999},{buy:{id:medium_amethyst_bud,Count:1},sell:{id:small_amethyst_bud,Count:9,tag:{display:{Name:""\""Pert\"""",Lore:[""\""Monnaie\""""]}}},xp:1,maxUses:9999999}]}}";"/summon villager 330 104 -224 {VillagerData:{profession:cleric,level:4,type:snow},Invulnerable:1,PersistenceRequired:1,NoAI:1,Rotation:[90f,0f],CustomName:""\""Pierrette Lefrançois\"""",Offers:{Recipes:[{buy:{id:small_amethyst_bud,Count:9},sell:{id:medium_amethyst_bud,Count:1,tag:{display:{Name:""\""Peore\"""",Lore:[""\""Monnaie\""""]}}},xp:1,maxUses:9999999},{buy:{id:medium_amethyst_bud,Count:9},sell:{id:large_amethyst_bud,Count:1,tag:{display:{Name:""\""Pedisme\"""",Lore:[""\""Monnaie\""""]}}},xp:1,maxUses:9999999},{buy:{id:large_amethyst_bud,Count:9},sell:{id:amethyst_cluster,Count:1,tag:{display:{Name:""\""Penausme\"""",Lore:[""\""Monnaie\""""]}}},xp:2,maxUses:9999999},{buy:{id:amethyst_cluster,Count:9},sell:{id:nether_star,Count:1,tag:{display:{Name:""\""Penerithisme\"""",Lore:[""\""Monnaie\""""]}}},xp:3,maxUses:9999999},{buy:{id:nether_star,Count:1},sell:{id:amethyst_cluster,Count:9,tag:{display:{Name:""\""Penausme\"""",Lore:[""\""Monnaie\""""]}}},xp:2,maxUses:9999999},{buy:{id:amethyst_cluster,Count:1},sell:{id:large_amethyst_bud,Count:9,tag:{display:{Name:""\""Pedisme\"""",Lore:[""\""Monnaie\""""]}}},xp:1,maxUses:9999999},{buy:{id:large_amethyst_bud,Count:1},sell:{id:medium_amethyst_bud,Count:9,tag:{display:{Name:""\""Peore\"""",Lore:[""\""Monnaie\""""]}}},xp:1,maxUses:9999999},{buy:{id:medium_amethyst_bud,Count:1},sell:{id:small_amethyst_bud,Count:9,tag:{display:{Name:""\""Pert\"""",Lore:[""\""Monnaie\""""]}}},xp:1,maxUses:9999999}]}}";;;;;;;;;;;;;;;;
0017;Lucas Lagarde;Banquier;cartographer;adulte;snow;maitre;330 104 -222;90f,0f;324 113 -222;"Offers:{Recipes:[{buy:{id:small_amethyst_bud,Count:9},sell:{id:medium_amethyst_bud,Count:1,tag:{display:{Name:""\""Peore\"""",Lore:[""\""Monnaie\""""]}}},xp:1,maxUses:9999999},{buy:{id:medium_amethyst_bud,Count:9},sell:{id:large_amethyst_bud,Count:1,tag:{display:{Name:""\""Pedisme\"""",Lore:[""\""Monnaie\""""]}}},xp:1,maxUses:9999999},{buy:{id:large_amethyst_bud,Count:9},sell:{id:amethyst_cluster,Count:1,tag:{display:{Name:""\""Penausme\"""",Lore:[""\""Monnaie\""""]}}},xp:2,maxUses:9999999},{buy:{id:amethyst_cluster,Count:9},sell:{id:nether_star,Count:1,tag:{display:{Name:""\""Penerithisme\"""",Lore:[""\""Monnaie\""""]}}},xp:3,maxUses:9999999},{buy:{id:nether_star,Count:1},sell:{id:amethyst_cluster,Count:9,tag:{display:{Name:""\""Penausme\"""",Lore:[""\""Monnaie\""""]}}},xp:2,maxUses:9999999},{buy:{id:amethyst_cluster,Count:1},sell:{id:large_amethyst_bud,Count:9,tag:{display:{Name:""\""Pedisme\"""",Lore:[""\""Monnaie\""""]}}},xp:1,maxUses:9999999},{buy:{id:large_amethyst_bud,Count:1},sell:{id:medium_amethyst_bud,Count:9,tag:{display:{Name:""\""Peore\"""",Lore:[""\""Monnaie\""""]}}},xp:1,maxUses:9999999},{buy:{id:medium_amethyst_bud,Count:1},sell:{id:small_amethyst_bud,Count:9,tag:{display:{Name:""\""Pert\"""",Lore:[""\""Monnaie\""""]}}},xp:1,maxUses:9999999}]}}";"/summon villager 330 104 -227 {VillagerData:{profession:cleric,level:4,type:snow},Invulnerable:1,PersistenceRequired:1,NoAI:1,Rotation:[90f,0f],CustomName:""\""Lucas Lagarde\"""",Offers:{Recipes:[{buy:{id:small_amethyst_bud,Count:9},sell:{id:medium_amethyst_bud,Count:1,tag:{display:{Name:""\""Peore\"""",Lore:[""\""Monnaie\""""]}}},xp:1,maxUses:9999999},{buy:{id:medium_amethyst_bud,Count:9},sell:{id:large_amethyst_bud,Count:1,tag:{display:{Name:""\""Pedisme\"""",Lore:[""\""Monnaie\""""]}}},xp:1,maxUses:9999999},{buy:{id:large_amethyst_bud,Count:9},sell:{id:amethyst_cluster,Count:1,tag:{display:{Name:""\""Penausme\"""",Lore:[""\""Monnaie\""""]}}},xp:2,maxUses:9999999},{buy:{id:amethyst_cluster,Count:9},sell:{id:nether_star,Count:1,tag:{display:{Name:""\""Penerithisme\"""",Lore:[""\""Monnaie\""""]}}},xp:3,maxUses:9999999},{buy:{id:nether_star,Count:1},sell:{id:amethyst_cluster,Count:9,tag:{display:{Name:""\""Penausme\"""",Lore:[""\""Monnaie\""""]}}},xp:2,maxUses:9999999},{buy:{id:amethyst_cluster,Count:1},sell:{id:large_amethyst_bud,Count:9,tag:{display:{Name:""\""Pedisme\"""",Lore:[""\""Monnaie\""""]}}},xp:1,maxUses:9999999},{buy:{id:large_amethyst_bud,Count:1},sell:{id:medium_amethyst_bud,Count:9,tag:{display:{Name:""\""Peore\"""",Lore:[""\""Monnaie\""""]}}},xp:1,maxUses:9999999},{buy:{id:medium_amethyst_bud,Count:1},sell:{id:small_amethyst_bud,Count:9,tag:{display:{Name:""\""Pert\"""",Lore:[""\""Monnaie\""""]}}},xp:1,maxUses:9999999}]}}";;;;;;;;;;;;;;;;
0018;Célia Lagarde;Banquier;banquier_retrait;adulte;snow;maitre;330 104 -224;90f,0f;324 113 -223;"Offers:{Recipes:[{buy:{id:small_amethyst_bud,Count:9},sell:{id:medium_amethyst_bud,Count:1,tag:{display:{Name:""\""Peore\"""",Lore:[""\""Monnaie\""""]}}},xp:1,maxUses:9999999},{buy:{id:medium_amethyst_bud,Count:9},sell:{id:large_amethyst_bud,Count:1,tag:{display:{Name:""\""Pedisme\"""",Lore:[""\""Monnaie\""""]}}},xp:1,maxUses:9999999},{buy:{id:large_amethyst_bud,Count:9},sell:{id:amethyst_cluster,Count:1,tag:{display:{Name:""\""Penausme\"""",Lore:[""\""Monnaie\""""]}}},xp:2,maxUses:9999999},{buy:{id:amethyst_cluster,Count:9},sell:{id:nether_star,Count:1,tag:{display:{Name:""\""Penerithisme\"""",Lore:[""\""Monnaie\""""]}}},xp:3,maxUses:9999999},{buy:{id:nether_star,Count:1},sell:{id:amethyst_cluster,Count:9,tag:{display:{Name:""\""Penausme\"""",Lore:[""\""Monnaie\""""]}}},xp:2,maxUses:9999999},{buy:{id:amethyst_cluster,Count:1},sell:{id:large_amethyst_bud,Count:9,tag:{display:{Name:""\""Pedisme\"""",Lore:[""\""Monnaie\""""]}}},xp:1,maxUses:9999999},{buy:{id:large_amethyst_bud,Count:1},sell:{id:medium_amethyst_bud,Count:9,tag:{display:{Name:""\""Peore\"""",Lore:[""\""Monnaie\""""]}}},xp:1,maxUses:9999999},{buy:{id:medium_amethyst_bud,Count:1},sell:{id:small_amethyst_bud,Count:9,tag:{display:{Name:""\""Pert\"""",Lore:[""\""Monnaie\""""]}}},xp:1,maxUses:9999999}]}}";"/summon villager 330 104 -221 {VillagerData:{profession:cleric,level:4,type:snow},Invulnerable:1,PersistenceRequired:1,NoAI:1,Rotation:[90f,0f],CustomName:""\""Célia Lagarde\"""",Offers:{Recipes:[{buy:{id:small_amethyst_bud,Count:9},sell:{id:medium_amethyst_bud,Count:1,tag:{display:{Name:""\""Peore\"""",Lore:[""\""Monnaie\""""]}}},xp:1,maxUses:9999999},{buy:{id:medium_amethyst_bud,Count:9},sell:{id:large_amethyst_bud,Count:1,tag:{display:{Name:""\""Pedisme\"""",Lore:[""\""Monnaie\""""]}}},xp:1,maxUses:9999999},{buy:{id:large_amethyst_bud,Count:9},sell:{id:amethyst_cluster,Count:1,tag:{display:{Name:""\""Penausme\"""",Lore:[""\""Monnaie\""""]}}},xp:2,maxUses:9999999},{buy:{id:amethyst_cluster,Count:9},sell:{id:nether_star,Count:1,tag:{display:{Name:""\""Penerithisme\"""",Lore:[""\""Monnaie\""""]}}},xp:3,maxUses:9999999},{buy:{id:nether_star,Count:1},sell:{id:amethyst_cluster,Count:9,tag:{display:{Name:""\""Penausme\"""",Lore:[""\""Monnaie\""""]}}},xp:2,maxUses:9999999},{buy:{id:amethyst_cluster,Count:1},sell:{id:large_amethyst_bud,Count:9,tag:{display:{Name:""\""Pedisme\"""",Lore:[""\""Monnaie\""""]}}},xp:1,maxUses:9999999},{buy:{id:large_amethyst_bud,Count:1},sell:{id:medium_amethyst_bud,Count:9,tag:{display:{Name:""\""Peore\"""",Lore:[""\""Monnaie\""""]}}},xp:1,maxUses:9999999},{buy:{id:medium_amethyst_bud,Count:1},sell:{id:small_amethyst_bud,Count:9,tag:{display:{Name:""\""Pert\"""",Lore:[""\""Monnaie\""""]}}},xp:1,maxUses:9999999}]}}";;;;;;;;;;;;;;;;
0019;Victoire Popelin;Boulanger ;farmer;adulte;snow;maitre;266 113 -225;180f,0f;270 118 -225;"Offers:{Recipes:[{buy:{id:medium_amethyst_bud,Count:1},sell:{id:bread,Count:1,tag:{display:{Name:""\""Pain du jour\""""}}},xp:1,maxUses:9999999},{buy:{id:medium_amethyst_bud,Count:3},buyB:{id:small_amethyst_bud,Count:3},sell:{id:cookie,Count:1,tag:{display:{Name:""\""Cookie\""""}}},xp:1,maxUses:9999999},{buy:{id:medium_amethyst_bud,Count:4},buyB:{id:small_amethyst_bud,Count:1},sell:{id:cake,Count:1,tag:{display:{Name:""\""Gateau\""""}}},xp:1,maxUses:9999999},{buy:{id:medium_amethyst_bud,Count:2},buyB:{id:small_amethyst_bud,Count:1},sell:{id:pumpkin_pie,Count:1,tag:{display:{Name:""\""Tarte à la citrouille\""""}}},xp:1,maxUses:9999999},{buy:{id:medium_amethyst_bud,Count:2},buyB:{id:small_amethyst_bud,Count:2},sell:{id:honey_bottle,Count:1,tag:{display:{Name:""\""Miel\""""}}},xp:1,maxUses:9999999}]}}";"/summon villager 266 113 -225 {VillagerData:{profession:farmer,level:4,type:snow},Invulnerable:1,PersistenceRequired:1,NoAI:1,Rotation:[180f,0f],CustomName:""\""Victoire Popelin\"""",Offers:{Recipes:[{buy:{id:medium_amethyst_bud,Count:1},sell:{id:bread,Count:1,tag:{display:{Name:""\""Pain du jour\""""}}},xp:1,maxUses:9999999},{buy:{id:medium_amethyst_bud,Count:3},buyB:{id:small_amethyst_bud,Count:3},sell:{id:cookie,Count:1,tag:{display:{Name:""\""Cookie\""""}}},xp:1,maxUses:9999999},{buy:{id:medium_amethyst_bud,Count:4},buyB:{id:small_amethyst_bud,Count:1},sell:{id:cake,Count:1,tag:{display:{Name:""\""Gateau\""""}}},xp:1,maxUses:9999999},{buy:{id:medium_amethyst_bud,Count:2},buyB:{id:small_amethyst_bud,Count:1},sell:{id:pumpkin_pie,Count:1,tag:{display:{Name:""\""Tarte à la citrouille\""""}}},xp:1,maxUses:9999999},{buy:{id:medium_amethyst_bud,Count:2},buyB:{id:small_amethyst_bud,Count:2},sell:{id:honey_bottle,Count:1,tag:{display:{Name:""\""Miel\""""}}},xp:1,maxUses:9999999}]}}";;;;;;;;;;;;;;;;
0020;Jean-Baptiste Popelin;Boulanger ;farmer;adulte;snow;maitre;268 113 -225;160f,0f;270 118 -224;"Offers:{Recipes:[{buy:{id:bread,Count:1},sell:{id:medium_amethyst_bud,Count:1,tag:{display:{Name:""\""Peore\"""",Lore:[""\""Monnaie\""""]}}},rewardExp:0b,maxUses:9999999},{buy:{id:cookie,Count:1},sell:{id:small_amethyst_bud,Count:30,tag:{display:{Name:""\""Pert\"""",Lore:[""\""Monnaie\""""]}}},xp:1,maxUses:9999999},{buy:{id:pumpkin_pie,Count:1},sell:{id:medium_amethyst_bud,Count:2,tag:{display:{Name:""\""Peore\"""",Lore:[""\""Monnaie\""""]}}},xp:1,maxUses:9999999},{buy:{id:cake,Count:1},sell:{id:medium_amethyst_bud,Count:4,tag:{display:{Name:""\""Peore\"""",Lore:[""\""Monnaie\""""]}}},xp:1,maxUses:9999999},{buy:{id:honey_bottle,Count:1},sell:{id:small_amethyst_bud,Count:19,tag:{display:{Name:""\""Pert\"""",Lore:[""\""Monnaie\""""]}}},xp:1,maxUses:9999999},{buy:{id:hay_block,Count:1},sell:{id:medium_amethyst_bud,Count:2,tag:{display:{Name:""\""Peore\"""",Lore:[""\""Monnaie\""""]}}},rewardExp:0b,maxUses:9999999},{buy:{id:milk_bucket,Count:1},sell:{id:small_amethyst_bud,Count:3,tag:{display:{Name:""\""Pert\"""",Lore:[""\""Monnaie\""""]}}},rewardExp:0b,maxUses:9999999},{buy:{id:egg,Count:1},sell:{id:small_amethyst_bud,Count:5,tag:{display:{Name:""\""Pert\"""",Lore:[""\""Monnaie\""""]}}},rewardExp:0b,maxUses:9999999},{buy:{id:sugar,Count:1},sell:{id:small_amethyst_bud,Count:5,tag:{display:{Name:""\""Pert\"""",Lore:[""\""Monnaie\""""]}}},rewardExp:0b,maxUses:9999999},{buy:{id:cocoa_beans,Count:1},sell:{id:small_amethyst_bud,Count:12,tag:{display:{Name:""\""Pert\"""",Lore:[""\""Monnaie\""""]}}},rewardExp:0b,maxUses:9999999}]}}";"/summon villager 268 113 -225 {VillagerData:{profession:farmer,level:4,type:snow},Invulnerable:1,PersistenceRequired:1,NoAI:1,Rotation:[160f,0f],CustomName:""\""Jean-Baptiste Popelin\"""",Offers:{Recipes:[{buy:{id:bread,Count:1},sell:{id:medium_amethyst_bud,Count:1,tag:{display:{Name:""\""Peore\"""",Lore:[""\""Monnaie\""""]}}},rewardExp:0b,maxUses:9999999},{buy:{id:cookie,Count:1},sell:{id:small_amethyst_bud,Count:30,tag:{display:{Name:""\""Pert\"""",Lore:[""\""Monnaie\""""]}}},xp:1,maxUses:9999999},{buy:{id:pumpkin_pie,Count:1},sell:{id:medium_amethyst_bud,Count:2,tag:{display:{Name:""\""Peore\"""",Lore:[""\""Monnaie\""""]}}},xp:1,maxUses:9999999},{buy:{id:cake,Count:1},sell:{id:medium_amethyst_bud,Count:4,tag:{display:{Name:""\""Peore\"""",Lore:[""\""Monnaie\""""]}}},xp:1,maxUses:9999999},{buy:{id:honey_bottle,Count:1},sell:{id:small_amethyst_bud,Count:19,tag:{display:{Name:""\""Pert\"""",Lore:[""\""Monnaie\""""]}}},xp:1,maxUses:9999999},{buy:{id:hay_block,Count:1},sell:{id:medium_amethyst_bud,Count:2,tag:{display:{Name:""\""Peore\"""",Lore:[""\""Monnaie\""""]}}},rewardExp:0b,maxUses:9999999},{buy:{id:milk_bucket,Count:1},sell:{id:small_amethyst_bud,Count:3,tag:{display:{Name:""\""Pert\"""",Lore:[""\""Monnaie\""""]}}},rewardExp:0b,maxUses:9999999},{buy:{id:egg,Count:1},sell:{id:small_amethyst_bud,Count:5,tag:{display:{Name:""\""Pert\"""",Lore:[""\""Monnaie\""""]}}},rewardExp:0b,maxUses:9999999},{buy:{id:sugar,Count:1},sell:{id:small_amethyst_bud,Count:5,tag:{display:{Name:""\""Pert\"""",Lore:[""\""Monnaie\""""]}}},rewardExp:0b,maxUses:9999999},{buy:{id:cocoa_beans,Count:1},sell:{id:small_amethyst_bud,Count:12,tag:{display:{Name:""\""Pert\"""",Lore:[""\""Monnaie\""""]}}},rewardExp:0b,maxUses:9999999}]}}";;;;;;;;;;;;;;;;
0021;Eugénie Mace;Boulanger ;farmer;adulte;snow;expert;346 98 -210;300f,0f;345 103 -206;"Offers:{Recipes:[{buy:{id:medium_amethyst_bud,Count:1},sell:{id:bread,Count:1,tag:{display:{Name:""\""Pain du jour\""""}}},xp:1,maxUses:9999999},{buy:{id:medium_amethyst_bud,Count:3},buyB:{id:small_amethyst_bud,Count:3},sell:{id:cookie,Count:1,tag:{display:{Name:""\""Cookie\""""}}},xp:1,maxUses:9999999},{buy:{id:medium_amethyst_bud,Count:4},buyB:{id:small_amethyst_bud,Count:1},sell:{id:cake,Count:1,tag:{display:{Name:""\""Gateau\""""}}},xp:1,maxUses:9999999},{buy:{id:medium_amethyst_bud,Count:2},buyB:{id:small_amethyst_bud,Count:1},sell:{id:pumpkin_pie,Count:1,tag:{display:{Name:""\""Tarte à la citrouille\""""}}},xp:1,maxUses:9999999},{buy:{id:medium_amethyst_bud,Count:2},buyB:{id:small_amethyst_bud,Count:2},sell:{id:honey_bottle,Count:1,tag:{display:{Name:""\""Miel\""""}}},xp:1,maxUses:9999999}]}}";"/summon villager 346 98 -210 {VillagerData:{profession:farmer,level:3,type:snow},Invulnerable:1,PersistenceRequired:1,NoAI:1,Rotation:[300f,0f],CustomName:""\""Eugénie Mace\"""",Offers:{Recipes:[{buy:{id:medium_amethyst_bud,Count:1},sell:{id:bread,Count:1,tag:{display:{Name:""\""Pain du jour\""""}}},xp:1,maxUses:9999999},{buy:{id:medium_amethyst_bud,Count:3},buyB:{id:small_amethyst_bud,Count:3},sell:{id:cookie,Count:1,tag:{display:{Name:""\""Cookie\""""}}},xp:1,maxUses:9999999},{buy:{id:medium_amethyst_bud,Count:4},buyB:{id:small_amethyst_bud,Count:1},sell:{id:cake,Count:1,tag:{display:{Name:""\""Gateau\""""}}},xp:1,maxUses:9999999},{buy:{id:medium_amethyst_bud,Count:2},buyB:{id:small_amethyst_bud,Count:1},sell:{id:pumpkin_pie,Count:1,tag:{display:{Name:""\""Tarte à la citrouille\""""}}},xp:1,maxUses:9999999},{buy:{id:medium_amethyst_bud,Count:2},buyB:{id:small_amethyst_bud,Count:2},sell:{id:honey_bottle,Count:1,tag:{display:{Name:""\""Miel\""""}}},xp:1,maxUses:9999999}]}}";;;;;;;;;;;;;;;;
0022;Germain Mace;Boulanger ;farmer;adulte;snow;expert;345 100 -217;310f,0f;346 103 -206;"Offers:{Recipes:[{buy:{id:bread,Count:1},sell:{id:medium_amethyst_bud,Count:1,tag:{display:{Name:""\""Peore\"""",Lore:[""\""Monnaie\""""]}}},rewardExp:0b,maxUses:9999999},{buy:{id:cookie,Count:1},sell:{id:small_amethyst_bud,Count:30,tag:{display:{Name:""\""Pert\"""",Lore:[""\""Monnaie\""""]}}},xp:1,maxUses:9999999},{buy:{id:pumpkin_pie,Count:1},sell:{id:medium_amethyst_bud,Count:2,tag:{display:{Name:""\""Peore\"""",Lore:[""\""Monnaie\""""]}}},xp:1,maxUses:9999999},{buy:{id:cake,Count:1},sell:{id:medium_amethyst_bud,Count:4,tag:{display:{Name:""\""Peore\"""",Lore:[""\""Monnaie\""""]}}},xp:1,maxUses:9999999},{buy:{id:honey_bottle,Count:1},sell:{id:small_amethyst_bud,Count:19,tag:{display:{Name:""\""Pert\"""",Lore:[""\""Monnaie\""""]}}},xp:1,maxUses:9999999},{buy:{id:hay_block,Count:1},sell:{id:medium_amethyst_bud,Count:2,tag:{display:{Name:""\""Peore\"""",Lore:[""\""Monnaie\""""]}}},rewardExp:0b,maxUses:9999999},{buy:{id:milk_bucket,Count:1},sell:{id:small_amethyst_bud,Count:3,tag:{display:{Name:""\""Pert\"""",Lore:[""\""Monnaie\""""]}}},rewardExp:0b,maxUses:9999999},{buy:{id:egg,Count:1},sell:{id:small_amethyst_bud,Count:5,tag:{display:{Name:""\""Pert\"""",Lore:[""\""Monnaie\""""]}}},rewardExp:0b,maxUses:9999999},{buy:{id:sugar,Count:1},sell:{id:small_amethyst_bud,Count:5,tag:{display:{Name:""\""Pert\"""",Lore:[""\""Monnaie\""""]}}},rewardExp:0b,maxUses:9999999},{buy:{id:cocoa_beans,Count:1},sell:{id:small_amethyst_bud,Count:12,tag:{display:{Name:""\""Pert\"""",Lore:[""\""Monnaie\""""]}}},rewardExp:0b,maxUses:9999999}]}}";"/summon villager 345 100 -217 {VillagerData:{profession:farmer,level:3,type:snow},Invulnerable:1,PersistenceRequired:1,NoAI:1,Rotation:[310f,0f],CustomName:""\""Germain Mace\"""",Offers:{Recipes:[{buy:{id:bread,Count:1},sell:{id:medium_amethyst_bud,Count:1,tag:{display:{Name:""\""Peore\"""",Lore:[""\""Monnaie\""""]}}},rewardExp:0b,maxUses:9999999},{buy:{id:cookie,Count:1},sell:{id:small_amethyst_bud,Count:30,tag:{display:{Name:""\""Pert\"""",Lore:[""\""Monnaie\""""]}}},xp:1,maxUses:9999999},{buy:{id:pumpkin_pie,Count:1},sell:{id:medium_amethyst_bud,Count:2,tag:{display:{Name:""\""Peore\"""",Lore:[""\""Monnaie\""""]}}},xp:1,maxUses:9999999},{buy:{id:cake,Count:1},sell:{id:medium_amethyst_bud,Count:4,tag:{display:{Name:""\""Peore\"""",Lore:[""\""Monnaie\""""]}}},xp:1,maxUses:9999999},{buy:{id:honey_bottle,Count:1},sell:{id:small_amethyst_bud,Count:19,tag:{display:{Name:""\""Pert\"""",Lore:[""\""Monnaie\""""]}}},xp:1,maxUses:9999999},{buy:{id:hay_block,Count:1},sell:{id:medium_amethyst_bud,Count:2,tag:{display:{Name:""\""Peore\"""",Lore:[""\""Monnaie\""""]}}},rewardExp:0b,maxUses:9999999},{buy:{id:milk_bucket,Count:1},sell:{id:small_amethyst_bud,Count:3,tag:{display:{Name:""\""Pert\"""",Lore:[""\""Monnaie\""""]}}},rewardExp:0b,maxUses:9999999},{buy:{id:egg,Count:1},sell:{id:small_amethyst_bud,Count:5,tag:{display:{Name:""\""Pert\"""",Lore:[""\""Monnaie\""""]}}},rewardExp:0b,maxUses:9999999},{buy:{id:sugar,Count:1},sell:{id:small_amethyst_bud,Count:5,tag:{display:{Name:""\""Pert\"""",Lore:[""\""Monnaie\""""]}}},rewardExp:0b,maxUses:9999999},{buy:{id:cocoa_beans,Count:1},sell:{id:small_amethyst_bud,Count:12,tag:{display:{Name:""\""Pert\"""",Lore:[""\""Monnaie\""""]}}},rewardExp:0b,maxUses:9999999}]}}";;;;;;;;;;;;;;;;
0023;Julie LaFromboise;Boulanger ;farmer;adulte;snow;apprenti;295 83 -176;90f,0f;292.5 87 -171.5;"Offers:{Recipes:[{buy:{id:medium_amethyst_bud,Count:1},sell:{id:bread,Count:1,tag:{display:{Name:""\""Pain du jour\""""}}},xp:1,maxUses:9999999},{buy:{id:medium_amethyst_bud,Count:3},buyB:{id:small_amethyst_bud,Count:3},sell:{id:cookie,Count:1,tag:{display:{Name:""\""Cookie\""""}}},xp:1,maxUses:9999999},{buy:{id:medium_amethyst_bud,Count:4},buyB:{id:small_amethyst_bud,Count:1},sell:{id:cake,Count:1,tag:{display:{Name:""\""Gateau\""""}}},xp:1,maxUses:9999999},{buy:{id:medium_amethyst_bud,Count:2},buyB:{id:small_amethyst_bud,Count:1},sell:{id:pumpkin_pie,Count:1,tag:{display:{Name:""\""Tarte à la citrouille\""""}}},xp:1,maxUses:9999999},{buy:{id:medium_amethyst_bud,Count:2},buyB:{id:small_amethyst_bud,Count:2},sell:{id:honey_bottle,Count:1,tag:{display:{Name:""\""Miel\""""}}},xp:1,maxUses:9999999}]}}";"/summon villager 295 83 -176 {VillagerData:{profession:farmer,level:1,type:snow},Invulnerable:1,PersistenceRequired:1,NoAI:1,Rotation:[90f,0f],CustomName:""\""Julie LaFromboise\"""",Offers:{Recipes:[{buy:{id:medium_amethyst_bud,Count:1},sell:{id:bread,Count:1,tag:{display:{Name:""\""Pain du jour\""""}}},xp:1,maxUses:9999999},{buy:{id:medium_amethyst_bud,Count:3},buyB:{id:small_amethyst_bud,Count:3},sell:{id:cookie,Count:1,tag:{display:{Name:""\""Cookie\""""}}},xp:1,maxUses:9999999},{buy:{id:medium_amethyst_bud,Count:4},buyB:{id:small_amethyst_bud,Count:1},sell:{id:cake,Count:1,tag:{display:{Name:""\""Gateau\""""}}},xp:1,maxUses:9999999},{buy:{id:medium_amethyst_bud,Count:2},buyB:{id:small_amethyst_bud,Count:1},sell:{id:pumpkin_pie,Count:1,tag:{display:{Name:""\""Tarte à la citrouille\""""}}},xp:1,maxUses:9999999},{buy:{id:medium_amethyst_bud,Count:2},buyB:{id:small_amethyst_bud,Count:2},sell:{id:honey_bottle,Count:1,tag:{display:{Name:""\""Miel\""""}}},xp:1,maxUses:9999999}]}}";;;;;;;;;;;;;;;;
0024;Laura LaFromboise;Boulanger ;farmer;adulte;snow;apprenti;292 83 -177;280f,0f;290.5 87 -172.5;"Offers:{Recipes:[{buy:{id:bread,Count:1},sell:{id:medium_amethyst_bud,Count:1,tag:{display:{Name:""\""Peore\"""",Lore:[""\""Monnaie\""""]}}},rewardExp:0b,maxUses:9999999},{buy:{id:cookie,Count:1},sell:{id:small_amethyst_bud,Count:30,tag:{display:{Name:""\""Pert\"""",Lore:[""\""Monnaie\""""]}}},xp:1,maxUses:9999999},{buy:{id:pumpkin_pie,Count:1},sell:{id:medium_amethyst_bud,Count:2,tag:{display:{Name:""\""Peore\"""",Lore:[""\""Monnaie\""""]}}},xp:1,maxUses:9999999},{buy:{id:cake,Count:1},sell:{id:medium_amethyst_bud,Count:4,tag:{display:{Name:""\""Peore\"""",Lore:[""\""Monnaie\""""]}}},xp:1,maxUses:9999999},{buy:{id:honey_bottle,Count:1},sell:{id:small_amethyst_bud,Count:19,tag:{display:{Name:""\""Pert\"""",Lore:[""\""Monnaie\""""]}}},xp:1,maxUses:9999999},{buy:{id:hay_block,Count:1},sell:{id:medium_amethyst_bud,Count:2,tag:{display:{Name:""\""Peore\"""",Lore:[""\""Monnaie\""""]}}},rewardExp:0b,maxUses:9999999},{buy:{id:milk_bucket,Count:1},sell:{id:small_amethyst_bud,Count:3,tag:{display:{Name:""\""Pert\"""",Lore:[""\""Monnaie\""""]}}},rewardExp:0b,maxUses:9999999},{buy:{id:egg,Count:1},sell:{id:small_amethyst_bud,Count:5,tag:{display:{Name:""\""Pert\"""",Lore:[""\""Monnaie\""""]}}},rewardExp:0b,maxUses:9999999},{buy:{id:sugar,Count:1},sell:{id:small_amethyst_bud,Count:5,tag:{display:{Name:""\""Pert\"""",Lore:[""\""Monnaie\""""]}}},rewardExp:0b,maxUses:9999999},{buy:{id:cocoa_beans,Count:1},sell:{id:small_amethyst_bud,Count:12,tag:{display:{Name:""\""Pert\"""",Lore:[""\""Monnaie\""""]}}},rewardExp:0b,maxUses:9999999}]}}";"/summon villager 292 83 -177 {VillagerData:{profession:farmer,level:1,type:snow},Invulnerable:1,PersistenceRequired:1,NoAI:1,Rotation:[280f,0f],CustomName:""\""Laura LaFromboise\"""",Offers:{Recipes:[{buy:{id:bread,Count:1},sell:{id:medium_amethyst_bud,Count:1,tag:{display:{Name:""\""Peore\"""",Lore:[""\""Monnaie\""""]}}},rewardExp:0b,maxUses:9999999},{buy:{id:cookie,Count:1},sell:{id:small_amethyst_bud,Count:30,tag:{display:{Name:""\""Pert\"""",Lore:[""\""Monnaie\""""]}}},xp:1,maxUses:9999999},{buy:{id:pumpkin_pie,Count:1},sell:{id:medium_amethyst_bud,Count:2,tag:{display:{Name:""\""Peore\"""",Lore:[""\""Monnaie\""""]}}},xp:1,maxUses:9999999},{buy:{id:cake,Count:1},sell:{id:medium_amethyst_bud,Count:4,tag:{display:{Name:""\""Peore\"""",Lore:[""\""Monnaie\""""]}}},xp:1,maxUses:9999999},{buy:{id:honey_bottle,Count:1},sell:{id:small_amethyst_bud,Count:19,tag:{display:{Name:""\""Pert\"""",Lore:[""\""Monnaie\""""]}}},xp:1,maxUses:9999999},{buy:{id:hay_block,Count:1},sell:{id:medium_amethyst_bud,Count:2,tag:{display:{Name:""\""Peore\"""",Lore:[""\""Monnaie\""""]}}},rewardExp:0b,maxUses:9999999},{buy:{id:milk_bucket,Count:1},sell:{id:small_amethyst_bud,Count:3,tag:{display:{Name:""\""Pert\"""",Lore:[""\""Monnaie\""""]}}},rewardExp:0b,maxUses:9999999},{buy:{id:egg,Count:1},sell:{id:small_amethyst_bud,Count:5,tag:{display:{Name:""\""Pert\"""",Lore:[""\""Monnaie\""""]}}},rewardExp:0b,maxUses:9999999},{buy:{id:sugar,Count:1},sell:{id:small_amethyst_bud,Count:5,tag:{display:{Name:""\""Pert\"""",Lore:[""\""Monnaie\""""]}}},rewardExp:0b,maxUses:9999999},{buy:{id:cocoa_beans,Count:1},sell:{id:small_amethyst_bud,Count:12,tag:{display:{Name:""\""Pert\"""",Lore:[""\""Monnaie\""""]}}},rewardExp:0b,maxUses:9999999}]}}";;;;;;;;;;;;;;;;
0025;Alice Popelin;Boulanger ;farmer;adulte;snow;expert;307 86 -164;90f,0f;270 118 -228;"Offers:{Recipes:[{buy:{id:medium_amethyst_bud,Count:1},sell:{id:bread,Count:1,tag:{display:{Name:""\""Pain du jour\""""}}},xp:1,maxUses:9999999},{buy:{id:medium_amethyst_bud,Count:3},buyB:{id:small_amethyst_bud,Count:3},sell:{id:cookie,Count:1,tag:{display:{Name:""\""Cookie\""""}}},xp:1,maxUses:9999999},{buy:{id:medium_amethyst_bud,Count:4},buyB:{id:small_amethyst_bud,Count:1},sell:{id:cake,Count:1,tag:{display:{Name:""\""Gateau\""""}}},xp:1,maxUses:9999999},{buy:{id:medium_amethyst_bud,Count:2},buyB:{id:small_amethyst_bud,Count:1},sell:{id:pumpkin_pie,Count:1,tag:{display:{Name:""\""Tarte à la citrouille\""""}}},xp:1,maxUses:9999999},{buy:{id:medium_amethyst_bud,Count:2},buyB:{id:small_amethyst_bud,Count:2},sell:{id:honey_bottle,Count:1,tag:{display:{Name:""\""Miel\""""}}},xp:1,maxUses:9999999}]}}";"/summon villager 307 86 -164 {VillagerData:{profession:farmer,level:3,type:snow},Invulnerable:1,PersistenceRequired:1,Rotation:[90f,0f],CustomName:""\""Alice Popelin\"""",Offers:{Recipes:[{buy:{id:medium_amethyst_bud,Count:1},sell:{id:bread,Count:1,tag:{display:{Name:""\""Pain du jour\""""}}},xp:1,maxUses:9999999},{buy:{id:medium_amethyst_bud,Count:3},buyB:{id:small_amethyst_bud,Count:3},sell:{id:cookie,Count:1,tag:{display:{Name:""\""Cookie\""""}}},xp:1,maxUses:9999999},{buy:{id:medium_amethyst_bud,Count:4},buyB:{id:small_amethyst_bud,Count:1},sell:{id:cake,Count:1,tag:{display:{Name:""\""Gateau\""""}}},xp:1,maxUses:9999999},{buy:{id:medium_amethyst_bud,Count:2},buyB:{id:small_amethyst_bud,Count:1},sell:{id:pumpkin_pie,Count:1,tag:{display:{Name:""\""Tarte à la citrouille\""""}}},xp:1,maxUses:9999999},{buy:{id:medium_amethyst_bud,Count:2},buyB:{id:small_amethyst_bud,Count:2},sell:{id:honey_bottle,Count:1,tag:{display:{Name:""\""Miel\""""}}},xp:1,maxUses:9999999}]}}";;;;;;;;;;;;;;;;
0026;René Laennec;Médecin;librarian;adulte;snow;expert;324.5 97 -210.5;350f,0f;324.5 106 -203.5;"Offers:{Recipes:[{buy:{id:amethyst_cluster,Count:1},sell:{id:potion,Count:1,tag:{display:{Name:""\""Potion de soin instantané I\"""",Lore:[""\""Régénère 2 coeurs en instantané\""""]},Potion:""minecraft:healing""}},xp:3,maxUses:9999999},{buy:{id:amethyst_cluster,Count:2},sell:{id:potion,Count:1,tag:{display:{Name:""\""Potion de soin instantané II\"""",Lore:[""\""Régénère 4 coeurs en instantané\""""]},Potion:""minecraft:strong_healing""}},xp:3,maxUses:9999999},{buy:{id:amethyst_cluster,Count:3},sell:{id:potion,Count:1,tag:{display:{Name:""\""Potion de régénération I\"""",Lore:[""\""Régénère 9 coeurs en 45 sec\""""]},Potion:""minecraft:regeneration""}},xp:4,maxUses:9999999},{buy:{id:amethyst_cluster,Count:4},sell:{id:potion,Count:1,tag:{display:{Name:""\""Potion de régénération II\"""",Lore:[""\""Régénère 9 coeurs en 22 sec\""""]},Potion:""minecraft:strong_regeneration""}},xp:4,maxUses:9999999}]}}";"/summon villager 324.5 97 -210.5 {VillagerData:{profession:librarian,level:3,type:snow},Invulnerable:1,PersistenceRequired:1,NoAI:1,Rotation:[350f,0f],CustomName:""\""René Laennec\"""",Offers:{Recipes:[{buy:{id:amethyst_cluster,Count:1},sell:{id:potion,Count:1,tag:{display:{Name:""\""Potion de soin instantané I\"""",Lore:[""\""Régénère 2 coeurs en instantané\""""]},Potion:""minecraft:healing""}},xp:3,maxUses:9999999},{buy:{id:amethyst_cluster,Count:2},sell:{id:potion,Count:1,tag:{display:{Name:""\""Potion de soin instantané II\"""",Lore:[""\""Régénère 4 coeurs en instantané\""""]},Potion:""minecraft:strong_healing""}},xp:3,maxUses:9999999},{buy:{id:amethyst_cluster,Count:3},sell:{id:potion,Count:1,tag:{display:{Name:""\""Potion de régénération I\"""",Lore:[""\""Régénère 9 coeurs en 45 sec\""""]},Potion:""minecraft:regeneration""}},xp:4,maxUses:9999999},{buy:{id:amethyst_cluster,Count:4},sell:{id:potion,Count:1,tag:{display:{Name:""\""Potion de régénération II\"""",Lore:[""\""Régénère 9 coeurs en 22 sec\""""]},Potion:""minecraft:strong_regeneration""}},xp:4,maxUses:9999999}]}}";;;;;;;;;;;;;;;;
0027;Victoria Végétalio;Marchand de légumes;farmer;adulte;snow;expert;305 77 -127;180f,0f;306 82 -130;"Offers:{Recipes:[{buy:{id:potato,Count:1},sell:{id:small_amethyst_bud,Count:2,tag:{display:{Name:""\""Pert\"""",Lore:[""\""Monnaie\""""]}}},rewardExp:0b,maxUses:9999999},{buy:{id:beetroot,Count:1},sell:{id:small_amethyst_bud,Count:2,tag:{display:{Name:""\""Pert\"""",Lore:[""\""Monnaie\""""]}}},rewardExp:0b,maxUses:9999999},{buy:{id:apple,Count:1},sell:{id:small_amethyst_bud,Count:5,tag:{display:{Name:""\""Pert\"""",Lore:[""\""Monnaie\""""]}}},rewardExp:0b,maxUses:9999999},{buy:{id:carrot,Count:1},sell:{id:small_amethyst_bud,Count:1,tag:{display:{Name:""\""Pert\"""",Lore:[""\""Monnaie\""""]}}},rewardExp:0b,maxUses:9999999},{buy:{id:beetroot_soup,Count:1},sell:{id:small_amethyst_bud,Count:19,tag:{display:{Name:""\""Pert\"""",Lore:[""\""Monnaie\""""]}}},xp:1,maxUses:9999999},{buy:{id:mushroom_stew,Count:1},sell:{id:small_amethyst_bud,Count:12,tag:{display:{Name:""\""Pert\"""",Lore:[""\""Monnaie\""""]}}},xp:1,maxUses:9999999}]}}";"/summon villager 305 77 -127 {VillagerData:{profession:farmer,level:3,type:snow},Invulnerable:1,PersistenceRequired:1,NoAI:1,Rotation:[180f,0f],CustomName:""\""Victoria Végétalio\"""",Offers:{Recipes:[{buy:{id:potato,Count:1},sell:{id:small_amethyst_bud,Count:2,tag:{display:{Name:""\""Pert\"""",Lore:[""\""Monnaie\""""]}}},rewardExp:0b,maxUses:9999999},{buy:{id:beetroot,Count:1},sell:{id:small_amethyst_bud,Count:2,tag:{display:{Name:""\""Pert\"""",Lore:[""\""Monnaie\""""]}}},rewardExp:0b,maxUses:9999999},{buy:{id:apple,Count:1},sell:{id:small_amethyst_bud,Count:5,tag:{display:{Name:""\""Pert\"""",Lore:[""\""Monnaie\""""]}}},rewardExp:0b,maxUses:9999999},{buy:{id:carrot,Count:1},sell:{id:small_amethyst_bud,Count:1,tag:{display:{Name:""\""Pert\"""",Lore:[""\""Monnaie\""""]}}},rewardExp:0b,maxUses:9999999},{buy:{id:beetroot_soup,Count:1},sell:{id:small_amethyst_bud,Count:19,tag:{display:{Name:""\""Pert\"""",Lore:[""\""Monnaie\""""]}}},xp:1,maxUses:9999999},{buy:{id:mushroom_stew,Count:1},sell:{id:small_amethyst_bud,Count:12,tag:{display:{Name:""\""Pert\"""",Lore:[""\""Monnaie\""""]}}},xp:1,maxUses:9999999}]}}";;;;;;;;;;;;;;;;
0028;Georges Végétalio;Marchand de légumes;farmer;adulte;snow;expert;306 77 -128;160f,0f;306 82 -130;Offers:{Recipes:[{buy:{id:small_amethyst_bud,Count:3},sell:{id:potato,Count:1},rewardExp:0b,maxUses:9999999},{buy:{id:small_amethyst_bud,Count:3},sell:{id:beetroot,Count:1},rewardExp:0b,maxUses:9999999},{buy:{id:small_amethyst_bud,Count:6},sell:{id:apple,Count:1},rewardExp:0b,maxUses:9999999},{buy:{id:small_amethyst_bud,Count:6},sell:{id:carrot,Count:1},rewardExp:0b,maxUses:9999999},{buy:{id:small_amethyst_bud,Count:10},sell:{id:baked_potato,Count:1},rewardExp:0b,maxUses:9999999},{buy:{id:small_amethyst_bud,Count:25},sell:{id:melon_slice,Count:1},rewardExp:0b,maxUses:9999999},{buy:{id:medium_amethyst_bud,Count:2},buyB:{id:small_amethyst_bud,Count:2},sell:{id:beetroot_soup,Count:1},rewardExp:0b,maxUses:9999999},{buy:{id:medium_amethyst_bud,Count:1},buyB:{id:small_amethyst_bud,Count:4},sell:{id:mushroom_stew,Count:1},rewardExp:0b,maxUses:9999999}]}};"/summon villager 306 77 -128 {VillagerData:{profession:farmer,level:3,type:snow},Invulnerable:1,PersistenceRequired:1,NoAI:1,Rotation:[160f,0f],CustomName:""\""Georges Végétalio\"""",Offers:{Recipes:[{buy:{id:small_amethyst_bud,Count:3},sell:{id:potato,Count:1},rewardExp:0b,maxUses:9999999},{buy:{id:small_amethyst_bud,Count:3},sell:{id:beetroot,Count:1},rewardExp:0b,maxUses:9999999},{buy:{id:small_amethyst_bud,Count:6},sell:{id:apple,Count:1},rewardExp:0b,maxUses:9999999},{buy:{id:small_amethyst_bud,Count:6},sell:{id:carrot,Count:1},rewardExp:0b,maxUses:9999999},{buy:{id:small_amethyst_bud,Count:10},sell:{id:baked_potato,Count:1},rewardExp:0b,maxUses:9999999},{buy:{id:small_amethyst_bud,Count:25},sell:{id:melon_slice,Count:1},rewardExp:0b,maxUses:9999999},{buy:{id:medium_amethyst_bud,Count:2},buyB:{id:small_amethyst_bud,Count:2},sell:{id:beetroot_soup,Count:1},rewardExp:0b,maxUses:9999999},{buy:{id:medium_amethyst_bud,Count:1},buyB:{id:small_amethyst_bud,Count:4},sell:{id:mushroom_stew,Count:1},rewardExp:0b,maxUses:9999999}]}}";;;;;;;;;;;;;;;;
0029;Eugène Rousselot;Bibliothécaire;librarian;adulte;snow;expert;317 78 -132;90f,0f;319 87 -129;Offers:{Recipes:[{buy:{id:medium_amethyst_bud,Count:7},buyB:{id:small_amethyst_bud,Count:1},sell:{id:book,Count:1},xp:1,maxUses:9999999},{buy:{id:medium_amethyst_bud,Count:8},buyB:{id:small_amethyst_bud,Count:2},sell:{id:writable_book,Count:1},xp:1,maxUses:9999999},{buy:{id:medium_amethyst_bud,Count:24},buyB:{id:small_amethyst_bud,Count:1},sell:{id:bookshelf,Count:1},xp:1,maxUses:9999999},{buy:{id:medium_amethyst_bud,Count:25},buyB:{id:small_amethyst_bud,Count:1},sell:{id:lectern,Count:1},xp:1,maxUses:9999999}]}};"/summon villager 317 78 -132 {VillagerData:{profession:librarian,level:3,type:snow},Invulnerable:1,PersistenceRequired:1,NoAI:1,Rotation:[90f,0f],CustomName:""\""Eugène Rousselot\"""",Offers:{Recipes:[{buy:{id:medium_amethyst_bud,Count:7},buyB:{id:small_amethyst_bud,Count:1},sell:{id:book,Count:1},xp:1,maxUses:9999999},{buy:{id:medium_amethyst_bud,Count:8},buyB:{id:small_amethyst_bud,Count:2},sell:{id:writable_book,Count:1},xp:1,maxUses:9999999},{buy:{id:medium_amethyst_bud,Count:24},buyB:{id:small_amethyst_bud,Count:1},sell:{id:bookshelf,Count:1},xp:1,maxUses:9999999},{buy:{id:medium_amethyst_bud,Count:25},buyB:{id:small_amethyst_bud,Count:1},sell:{id:lectern,Count:1},xp:1,maxUses:9999999}]}}";;;;;;;;;;;;;;;;
0030;Laetitia Rousselot;Bibliothécaire;librarian;adulte;snow;expert;315 83 -130;100f,0f;319 87 -129;"Offers:{Recipes:[{buy:{id:sugar_cane,Count:1},sell:{id:small_amethyst_bud,Count:5,tag:{display:{Name:""\""Pert\"""",Lore:[""\""Monnaie\""""]}}},rewardExp:0b,maxUses:9999999},{buy:{id:paper,Count:1},sell:{id:medium_amethyst_bud,Count:2,tag:{display:{Name:""\""Peore\"""",Lore:[""\""Monnaie\""""]}}},rewardExp:0b,maxUses:9999999},{buy:{id:book,Count:1},sell:{id:medium_amethyst_bud,Count:7,tag:{display:{Name:""\""Peore\"""",Lore:[""\""Monnaie\""""]}}},xp:1,maxUses:9999999},{buy:{id:writable_book,Count:1},sell:{id:medium_amethyst_bud,Count:8,tag:{display:{Name:""\""Peore\"""",Lore:[""\""Monnaie\""""]}}},xp:1,maxUses:9999999},{buy:{id:bookshelf,Count:1},sell:{id:medium_amethyst_bud,Count:24,tag:{display:{Name:""\""Peore\"""",Lore:[""\""Monnaie\""""]}}},xp:1,maxUses:9999999},{buy:{id:lectern,Count:1},sell:{id:medium_amethyst_bud,Count:25,tag:{display:{Name:""\""Peore\"""",Lore:[""\""Monnaie\""""]}}},xp:1,maxUses:9999999}]}}";"/summon villager 315 83 -130 {VillagerData:{profession:librarian,level:3,type:snow},Invulnerable:1,PersistenceRequired:1,NoAI:1,Rotation:[100f,0f],CustomName:""\""Laetitia Rousselot\"""",Offers:{Recipes:[{buy:{id:sugar_cane,Count:1},sell:{id:small_amethyst_bud,Count:5,tag:{display:{Name:""\""Pert\"""",Lore:[""\""Monnaie\""""]}}},rewardExp:0b,maxUses:9999999},{buy:{id:paper,Count:1},sell:{id:medium_amethyst_bud,Count:2,tag:{display:{Name:""\""Peore\"""",Lore:[""\""Monnaie\""""]}}},rewardExp:0b,maxUses:9999999},{buy:{id:book,Count:1},sell:{id:medium_amethyst_bud,Count:7,tag:{display:{Name:""\""Peore\"""",Lore:[""\""Monnaie\""""]}}},xp:1,maxUses:9999999},{buy:{id:writable_book,Count:1},sell:{id:medium_amethyst_bud,Count:8,tag:{display:{Name:""\""Peore\"""",Lore:[""\""Monnaie\""""]}}},xp:1,maxUses:9999999},{buy:{id:bookshelf,Count:1},sell:{id:medium_amethyst_bud,Count:24,tag:{display:{Name:""\""Peore\"""",Lore:[""\""Monnaie\""""]}}},xp:1,maxUses:9999999},{buy:{id:lectern,Count:1},sell:{id:medium_amethyst_bud,Count:25,tag:{display:{Name:""\""Peore\"""",Lore:[""\""Monnaie\""""]}}},xp:1,maxUses:9999999}]}}";;;;;;;;;;;;;;;;
0031;Yvette Laennec;Bibliothécaire;librarian;adulte;snow;expert;311 77 -124;210f,0f;324.5 106 -203.5;"Offers:{Recipes:[{buy:{id:medium_amethyst_bud,Count:15},sell:{id:lapis_lazuli,Count:1},xp:2,maxUses:9999999},{buy:{id:medium_amethyst_bud,Count:1},sell:{id:book,Count:1},xp:1,maxUses:9999999},{buy:{id:lapis_lazuli,Count:1},sell:{id:medium_amethyst_bud,Count:14,tag:{display:{Name:""\""Peore\"""",Lore:[""\""Monnaie\""""]}}},xp:2,maxUses:9999999}]}}";"/summon villager 311 77 -124 {VillagerData:{profession:librarian,level:3,type:snow},Invulnerable:1,PersistenceRequired:1,NoAI:1,Rotation:[210f,0f],CustomName:""\""Yvette Laennec\"""",Offers:{Recipes:[{buy:{id:medium_amethyst_bud,Count:15},sell:{id:lapis_lazuli,Count:1},xp:2,maxUses:9999999},{buy:{id:medium_amethyst_bud,Count:1},sell:{id:book,Count:1},xp:1,maxUses:9999999},{buy:{id:lapis_lazuli,Count:1},sell:{id:medium_amethyst_bud,Count:14,tag:{display:{Name:""\""Peore\"""",Lore:[""\""Monnaie\""""]}}},xp:2,maxUses:9999999}]}}";;;;;;;;;;;;;;;;
0032;Albert Vieux Schnock;Spéciaux;librarian;adulte;snow;novice;288 96 -211;180f,0f;289.5 92 -211.5;"Offers:{Recipes:[{buy:{id:medium_amethyst_bud,Count:8},buyB:{id:small_amethyst_bud,Count:3},sell:{id:book,Count:1,tag:{display:{Name:""\""Livre\"""",Lore:[""\""Livre acheté chez le vieux Schnock a un pris pas si abordable\""""]}}},rewardExp:0b,maxUses:250},{buy:{id:medium_amethyst_bud,Count:14},buyB:{id:small_amethyst_bud,Count:2},sell:{id:book,Count:2,tag:{display:{Name:""\""Livre\"""",Lore:[""\""Livre acheté chez le vieux Schnock a un pris honnête\""""]}}},rewardExp:0b,maxUses:225},{buy:{id:medium_amethyst_bud,Count:22},buyB:{id:small_amethyst_bud,Count:1},sell:{id:book,Count:3,tag:{display:{Name:""\""Livre\"""",Lore:[""\""Livre acheté chez le vieux Schnock a pris abordable grâce a sa réduction\""""]}}},rewardExp:0b,maxUses:200},{buy:{id:medium_amethyst_bud,Count:8},buyB:{id:small_amethyst_bud,Count:2},sell:{id:writable_book,Count:1,tag:{display:{Name:""\""Livre a écrire\""""}}},rewardExp:0b,maxUses:300},{buy:{id:medium_amethyst_bud,Count:1},buyB:{id:small_amethyst_bud,Count:4},sell:{id:stick,Count:5,tag:{display:{Name:""\""Bâton\"""",Lore:[""\""Objet simple, mais qui peut toujours servir\""""]}}},rewardExp:0b,maxUses:9999999},{buy:{id:medium_amethyst_bud,Count:11},sell:{id:feather,Count:10,tag:{display:{Name:""\""Plume\"""",Lore:[""\""Il faudrais 10 000 plumes pour pouvoir voler un jour, mais ... qui s'embêtrait a acheter 10 000 plumes ?\""""]}}},rewardExp:0b,maxUses:9999999}]}}";"/summon villager 288 96 -211 {VillagerData:{profession:cartographer,level:99,type:snow},Invulnerable:1,PersistenceRequired:1,NoAI:1,Rotation:[180f,0f],CustomName:""\""Albert Vieux Schnock\"""",Offers:{Recipes:[{buy:{id:medium_amethyst_bud,Count:8},buyB:{id:small_amethyst_bud,Count:3},sell:{id:book,Count:1,tag:{display:{Name:""\""Livre\"""",Lore:[""\""Livre acheté chez le vieux Schnock a un pris pas si abordable\""""]}}},rewardExp:0b,maxUses:250},{buy:{id:medium_amethyst_bud,Count:14},buyB:{id:small_amethyst_bud,Count:2},sell:{id:book,Count:2,tag:{display:{Name:""\""Livre\"""",Lore:[""\""Livre acheté chez le vieux Schnock a un pris honnête\""""]}}},rewardExp:0b,maxUses:225},{buy:{id:medium_amethyst_bud,Count:22},buyB:{id:small_amethyst_bud,Count:1},sell:{id:book,Count:3,tag:{display:{Name:""\""Livre\"""",Lore:[""\""Livre acheté chez le vieux Schnock a pris abordable grâce a sa réduction\""""]}}},rewardExp:0b,maxUses:200},{buy:{id:medium_amethyst_bud,Count:8},buyB:{id:small_amethyst_bud,Count:2},sell:{id:writable_book,Count:1,tag:{display:{Name:""\""Livre a écrire\""""}}},rewardExp:0b,maxUses:300},{buy:{id:medium_amethyst_bud,Count:1},buyB:{id:small_amethyst_bud,Count:4},sell:{id:stick,Count:5,tag:{display:{Name:""\""Bâton\"""",Lore:[""\""Objet simple, mais qui peut toujours servir\""""]}}},rewardExp:0b,maxUses:9999999},{buy:{id:medium_amethyst_bud,Count:11},sell:{id:feather,Count:10,tag:{display:{Name:""\""Plume\"""",Lore:[""\""Il faudrais 10 000 plumes pour pouvoir voler un jour, mais ... qui s'embêtrait a acheter 10 000 plumes ?\""""]}}},rewardExp:0b,maxUses:9999999}]}}";;;;;;;;;;;;;;;;
0033;Anatole Dupont;Pêcheur;fisherman;adulte;snow;compagnon;385 80 -127;110f,0f;384 84 -130;"Offers:{Recipes:[{buy:{id:small_amethyst_bud,Count:5},sell:{id:cod,Count:1,tag:{display:{Lore:[""\""Morue fraiche\""""]}}},rewardExp:0b,maxUses:9999999},{buy:{id:small_amethyst_bud,Count:7},sell:{id:salmon,Count:1,tag:{display:{Lore:[""\""Saumon frais\""""]}}},rewardExp:0b,maxUses:9999999},{buy:{id:medium_amethyst_bud,Count:4},buyB:{id:small_amethyst_bud,Count:2},sell:{id:tropical_fish,Count:1,tag:{display:{Lore:[""\""Rare poisson exotique !\""""]}}},xp:1,maxUses:9999999},{buy:{id:medium_amethyst_bud,Count:3},buyB:{id:small_amethyst_bud,Count:2},sell:{id:pufferfish,Count:1,tag:{display:{Lore:[""\""Rare poisson soleil\""""]}}},xp:1,maxUses:9999999},{buy:{id:small_amethyst_bud,Count:3},sell:{id:dried_kelp,Count:1,tag:{display:{Lore:[""\""Commestible... Il parait...\""""]}}},rewardExp:0b,maxUses:9999999}]}}";"/summon villager 385 80 -127 {VillagerData:{profession:fisherman,level:2,type:snow},Invulnerable:1,PersistenceRequired:1,NoAI:1,Rotation:[110f,0f],CustomName:""\""Anatole Dupont\"""",Offers:{Recipes:[{buy:{id:small_amethyst_bud,Count:5},sell:{id:cod,Count:1,tag:{display:{Lore:[""\""Morue fraiche\""""]}}},rewardExp:0b,maxUses:9999999},{buy:{id:small_amethyst_bud,Count:7},sell:{id:salmon,Count:1,tag:{display:{Lore:[""\""Saumon frais\""""]}}},rewardExp:0b,maxUses:9999999},{buy:{id:medium_amethyst_bud,Count:4},buyB:{id:small_amethyst_bud,Count:2},sell:{id:tropical_fish,Count:1,tag:{display:{Lore:[""\""Rare poisson exotique !\""""]}}},xp:1,maxUses:9999999},{buy:{id:medium_amethyst_bud,Count:3},buyB:{id:small_amethyst_bud,Count:2},sell:{id:pufferfish,Count:1,tag:{display:{Lore:[""\""Rare poisson soleil\""""]}}},xp:1,maxUses:9999999},{buy:{id:small_amethyst_bud,Count:3},sell:{id:dried_kelp,Count:1,tag:{display:{Lore:[""\""Commestible... Il parait...\""""]}}},rewardExp:0b,maxUses:9999999}]}}";;;;;;;;;;;;;;;;
0034;Martine Dupont;Pêcheur;fisherman;adulte;snow;compagnon;382 80 -128;300f,0f;384 84 -129;"Offers:{Recipes:[{buy:{id:cod,Count:1},sell:{id:small_amethyst_bud,Count:4,tag:{display:{Name:""\""Pert\"""",Lore:[""\""Monnaie\""""]}}},rewardExp:0b,maxUses:9999999},{buy:{id:salmon,Count:1},sell:{id:small_amethyst_bud,Count:6,tag:{display:{Name:""\""Pert\"""",Lore:[""\""Monnaie\""""]}}},rewardExp:0b,maxUses:9999999},{buy:{id:tropical_fish,Count:1},sell:{id:medium_amethyst_bud,Count:4,tag:{display:{Name:""\""Peore\"""",Lore:[""\""Monnaie\""""]}}},xp:1,maxUses:9999999},{buy:{id:pufferfish,Count:1},sell:{id:medium_amethyst_bud,Count:3,tag:{display:{Name:""\""Peore\"""",Lore:[""\""Monnaie\""""]}}},xp:1,maxUses:9999999},{buy:{id:dried_kelp,Count:1},sell:{id:small_amethyst_bud,Count:2,tag:{display:{Name:""\""Pert\"""",Lore:[""\""Monnaie\""""]}}},rewardExp:0b,maxUses:9999999}]}}";"/summon villager 382 80 -128 {VillagerData:{profession:fisherman,level:2,type:snow},Invulnerable:1,PersistenceRequired:1,NoAI:1,Rotation:[300f,0f],CustomName:""\""Martine Dupont\"""",Offers:{Recipes:[{buy:{id:cod,Count:1},sell:{id:small_amethyst_bud,Count:4,tag:{display:{Name:""\""Pert\"""",Lore:[""\""Monnaie\""""]}}},rewardExp:0b,maxUses:9999999},{buy:{id:salmon,Count:1},sell:{id:small_amethyst_bud,Count:6,tag:{display:{Name:""\""Pert\"""",Lore:[""\""Monnaie\""""]}}},rewardExp:0b,maxUses:9999999},{buy:{id:tropical_fish,Count:1},sell:{id:medium_amethyst_bud,Count:4,tag:{display:{Name:""\""Peore\"""",Lore:[""\""Monnaie\""""]}}},xp:1,maxUses:9999999},{buy:{id:pufferfish,Count:1},sell:{id:medium_amethyst_bud,Count:3,tag:{display:{Name:""\""Peore\"""",Lore:[""\""Monnaie\""""]}}},xp:1,maxUses:9999999},{buy:{id:dried_kelp,Count:1},sell:{id:small_amethyst_bud,Count:2,tag:{display:{Name:""\""Pert\"""",Lore:[""\""Monnaie\""""]}}},rewardExp:0b,maxUses:9999999}]}}";;;;;;;;;;;;;;;;
0035;Peggy Marais;Pêcheur;fisherman;adulte;snow;apprenti;310 70.5 61;100f,0f;329 71 66;;"/summon villager 310 70.5 61 {VillagerData:{profession:fisherman,level:1,type:snow},Invulnerable:1,PersistenceRequired:1,NoAI:1,Rotation:[100f,0f],CustomName:""\""Peggy Marais\""""}";;;;;;;;;;;;;;;;
0036;Guillaume Marais;Pêcheur;fisherman;adulte;snow;apprenti;320 71.2 65;180f,0f;330 71 66;"Offers:{Recipes:[{buy:{id:small_amethyst_bud,Count:4},sell:{id:cod,Count:1,tag:{display:{Lore:[""\""Morue du lac\""""]}}},rewardExp:0b,maxUses:9999999},{buy:{id:small_amethyst_bud,Count:3},sell:{id:dried_kelp,Count:1,tag:{display:{Lore:[""\""Nourriture vraiment pas chère\""""]}}},rewardExp:0b,maxUses:9999999},{buy:{id:fishing_rod,Count:1},sell:{id:medium_amethyst_bud,Count:3,tag:{display:{Name:""\""Peore\"""",Lore:[""\""Monnaie\""""]}}},rewardExp:0b,maxUses:9999999}]}}";"/summon villager 320 71.2 65.0 {VillagerData:{profession:fisherman,level:1,type:snow},Invulnerable:1,PersistenceRequired:1,NoAI:1,Rotation:[180f,0f],CustomName:""\""Guillaume Marais\"""",Offers:{Recipes:[{buy:{id:small_amethyst_bud,Count:4},sell:{id:cod,Count:1,tag:{display:{Lore:[""\""Morue du lac\""""]}}},rewardExp:0b,maxUses:9999999},{buy:{id:small_amethyst_bud,Count:3},sell:{id:dried_kelp,Count:1,tag:{display:{Lore:[""\""Nourriture vraiment pas chère\""""]}}},rewardExp:0b,maxUses:9999999},{buy:{id:fishing_rod,Count:1},sell:{id:medium_amethyst_bud,Count:3,tag:{display:{Name:""\""Peore\"""",Lore:[""\""Monnaie\""""]}}},rewardExp:0b,maxUses:9999999}]}}";;;;;;;;;;;;;;;;
0037;Emine Marais;Pêcheur;fisherman;adulte;snow;apprenti;332 71 68;180f,0f;332 71 68;;"/summon villager 332 71 68 {VillagerData:{profession:fisherman,level:1,type:snow},Invulnerable:1,PersistenceRequired:1,Rotation:[180f,0f],CustomName:""\""Emine Marais\""""}";;;;;;;;;;;;;;;;
0038;Jocelyn Hennekin;Alchimiste;cleric;adulte;snow;expert;286 83.2 -125;260f,0f;290 92 -125;"Offers:{Recipes:[{buy:{id:amethyst_cluster,Count:2},sell:{id:splash_potion,Count:1,tag:{display:{Lore:[""\""Pour imiter les poulets !\""""]},Potion:""minecraft:slow_falling""}},rewardExp:0b,maxUses:9999999},{buy:{id:amethyst_cluster,Count:2},sell:{id:splash_potion,Count:1,tag:{display:{Lore:[""\""Pour imiter les escargots !\""""]},Potion:""minecraft:slowness""}},rewardExp:0b,maxUses:9999999},{buy:{id:amethyst_cluster,Count:2},sell:{id:splash_potion,Count:1,tag:{display:{Lore:[""\""Pour imiter les chats !\""""]},Potion:""minecraft:night_vision""}},rewardExp:0b,maxUses:9999999},{buy:{id:amethyst_cluster,Count:2},sell:{id:splash_potion,Count:1,tag:{display:{Lore:[""\""Pour imiter les          ! \""""]},Potion:""minecraft:invisibility""}},rewardExp:0b,maxUses:9999999},{buy:{id:amethyst_cluster,Count:2},sell:{id:splash_potion,Count:1,tag:{display:{Lore:[""\""Pour imiter les lapins !\""""]},Potion:""minecraft:leaping""}},rewardExp:0b,maxUses:9999999}]}}";"/summon villager 286 83.2 -125 {VillagerData:{profession:cleric,level:3,type:snow},Invulnerable:1,PersistenceRequired:1,NoAI:1,Rotation:[260f,0f],CustomName:""\""Jocelyn Hennekin\"""",Offers:{Recipes:[{buy:{id:amethyst_cluster,Count:2},sell:{id:splash_potion,Count:1,tag:{display:{Lore:[""\""Pour imiter les poulets !\""""]},Potion:""minecraft:slow_falling""}},rewardExp:0b,maxUses:9999999},{buy:{id:amethyst_cluster,Count:2},sell:{id:splash_potion,Count:1,tag:{display:{Lore:[""\""Pour imiter les escargots !\""""]},Potion:""minecraft:slowness""}},rewardExp:0b,maxUses:9999999},{buy:{id:amethyst_cluster,Count:2},sell:{id:splash_potion,Count:1,tag:{display:{Lore:[""\""Pour imiter les chats !\""""]},Potion:""minecraft:night_vision""}},rewardExp:0b,maxUses:9999999},{buy:{id:amethyst_cluster,Count:2},sell:{id:splash_potion,Count:1,tag:{display:{Lore:[""\""Pour imiter les          ! \""""]},Potion:""minecraft:invisibility""}},rewardExp:0b,maxUses:9999999},{buy:{id:amethyst_cluster,Count:2},sell:{id:splash_potion,Count:1,tag:{display:{Lore:[""\""Pour imiter les lapins !\""""]},Potion:""minecraft:leaping""}},rewardExp:0b,maxUses:9999999}]}}";;;;;;;;;;;;;;;;
0039;Méganne Hennekin;Alchimiste;cleric;adulte;snow;expert;324 97.3 -203.3;350f,0f;290 92 -125;;"/summon villager 324 97.3 -206.3 {VillagerData:{profession:librarian,level:3,type:snow},PersistenceRequired:1,NoAI:1,Rotation:[350f,0f],CustomName:""\""Méganne Hennekin\""""}";;;;;;;;;;;;;;;;
0040;Maria Hérisson;Chasseur;fletcher;adulte;snow;apprenti;322 66 174;250f,0f;320 66.5 179;"Offers:{Recipes:[{buy:{id:medium_amethyst_bud,Count:7},sell:{id:rabbit,Count:1,tag:{display:{Lore:[""\""Lapin sauvage\""""]}}},rewardExp:0b,maxUses:9999999},{buy:{id:small_amethyst_bud,Count:1},sell:{id:rabbit_hide,Count:1},rewardExp:0b,maxUses:9999998},{buy:{id:small_amethyst_bud,Count:4},sell:{id:rabbit_foot,Count:4},rewardExp:0b,maxUses:9999999},{buy:{id:medium_amethyst_bud,Count:3},sell:{id:porkchop,Count:1,tag:{display:{Lore:[""\""Porc sauvage\""""]}}},rewardExp:0b,maxUses:9999999},{buy:{id:small_amethyst_bud,Count:6},sell:{id:leather,Count:1,tag:{display:{Lore:[""\""Cuir de porc sauvage\""""]}}},rewardExp:0b,maxUses:9999999},{buy:{id:small_amethyst_bud,Count:8},sell:{id:feather,Count:1},rewardExp:0b,maxUses:9999999},{buy:{id:arrow,Count:7},sell:{id:medium_amethyst_bud,Count:5,tag:{display:{Name:""\""Peore\"""",Lore:[""\""Monnaie\""""]}}},rewardExp:0b,maxUses:9999999}]}}";"/summon villager 322 66 174 {VillagerData:{profession:fletcher,level:1,type:snow},Invulnerable:1,PersistenceRequired:1,NoAI:1,Rotation:[250f,0f],CustomName:""\""Maria Hérisson\"""",Offers:{Recipes:[{buy:{id:medium_amethyst_bud,Count:7},sell:{id:rabbit,Count:1,tag:{display:{Lore:[""\""Lapin sauvage\""""]}}},rewardExp:0b,maxUses:9999999},{buy:{id:small_amethyst_bud,Count:1},sell:{id:rabbit_hide,Count:1},rewardExp:0b,maxUses:9999998},{buy:{id:small_amethyst_bud,Count:4},sell:{id:rabbit_foot,Count:4},rewardExp:0b,maxUses:9999999},{buy:{id:medium_amethyst_bud,Count:3},sell:{id:porkchop,Count:1,tag:{display:{Lore:[""\""Porc sauvage\""""]}}},rewardExp:0b,maxUses:9999999},{buy:{id:small_amethyst_bud,Count:6},sell:{id:leather,Count:1,tag:{display:{Lore:[""\""Cuir de porc sauvage\""""]}}},rewardExp:0b,maxUses:9999999},{buy:{id:small_amethyst_bud,Count:8},sell:{id:feather,Count:1},rewardExp:0b,maxUses:9999999},{buy:{id:arrow,Count:7},sell:{id:medium_amethyst_bud,Count:5,tag:{display:{Name:""\""Peore\"""",Lore:[""\""Monnaie\""""]}}},rewardExp:0b,maxUses:9999999}]}}";;;;;;;;;;;;;;;;
0041;Armand Hérisson;Chasseur;fletcher;adulte;snow;apprenti;333 69 188;;321 66.5 179;;"/summon villager 338 69 188 {VillagerData:{profession:fletcher,level:1,type:snow},Invulnerable:1,PersistenceRequired:1,CustomName:""\""Armand Hérisson\""""}";;;;;;;;;;;;;;;;
0042;Mitchell Henriques;Professeur;cartographer;adulte;snow;maitre;312 111 -288;350f,0f;298 110 -282;"Offers:{Recipes:[{buy:{id:small_amethyst_bud,Count:4},sell:{id:experience_bottle,Count:1,tag:{display:{Lore:[""\""Plus de savoir\""""]}}},rewardExp:0b,maxUses:1}]}}";"/summon villager 312 111 -288 {VillagerData:{profession:librarian,level:4,type:taiga},Invulnerable:1,PersistenceRequired:1,NoAI:1,Rotation:[350f,0f],CustomName:""\""Mitchell Henriques\"""",Offers:{Recipes:[{buy:{id:small_amethyst_bud,Count:4},sell:{id:experience_bottle,Count:1,tag:{display:{Lore:[""\""Plus de savoir\""""]}}},rewardExp:0b,maxUses:1}]}}";;;;;;;;;;;;;;;;
0043;Vinicia Septimus;Professeur;cartographer;adulte;snow;maitre;312 107 -286;350f,0f;298 110 -283;"Offers:{Recipes:[{buy:{id:small_amethyst_bud,Count:4},sell:{id:experience_bottle,Count:1,tag:{display:{Lore:[""\""Plus de savoir\""""]}}},rewardExp:0b,maxUses:1}]}}";"/summon villager 312 107 -286 {VillagerData:{profession:librarian,level:4,type:jungle},Invulnerable:1,PersistenceRequired:1,NoAI:1,Rotation:[350f,0f],CustomName:""\""Vinicia Septimus\"""",Offers:{Recipes:[{buy:{id:small_amethyst_bud,Count:4},sell:{id:experience_bottle,Count:1,tag:{display:{Lore:[""\""Plus de savoir\""""]}}},rewardExp:0b,maxUses:1}]}}";;;;;;;;;;;;;;;;
0044;Amélie Dupuy;Professeur;cartographer;adulte;snow;maitre;312 107 -290;3200f,0f;282 112 -255;"Offers:{Recipes:[{buy:{id:small_amethyst_bud,Count:4},sell:{id:experience_bottle,Count:1,tag:{display:{Lore:[""\""Plus de savoir\""""]}}},rewardExp:0b,maxUses:1}]}}";"/summon villager 312 107 -290 {VillagerData:{profession:cartographer,level:4,type:snow},Invulnerable:1,PersistenceRequired:1,NoAI:1,Rotation:[200f,0f],CustomName:""\""Amélie Dupuy\"""",Offers:{Recipes:[{buy:{id:small_amethyst_bud,Count:4},sell:{id:experience_bottle,Count:1,tag:{display:{Lore:[""\""Plus de savoir\""""]}}},rewardExp:0b,maxUses:1}]}}";;;;;;;;;;;;;;;;
0046;Jordain Horowitz;Marchand bois;leatherworker;adulte;taiga;apprenti;391 66 -152;60f,0f;364 86 -106;Offers:{Recipes:[{buy:{id:medium_amethyst_bud,Count:1},buyB:{id:small_amethyst_bud,Count:7},sell:{id:spruce_log,Count:1},xp:1,maxUses:9999999},{buy:{id:medium_amethyst_bud,Count:2},sell:{id:dark_oak_log,Count:1},xp:1,maxUses:9999999}]}};"/summon villager 391 66 -152 {VillagerData:{profession:leatherworker,level:2,type:taiga},Invulnerable:1,PersistenceRequired:1,NoAI:1,Rotation:[60f,0f],CustomName:""\""Jordain Horowitz\"""",Offers:{Recipes:[{buy:{id:medium_amethyst_bud,Count:1},buyB:{id:small_amethyst_bud,Count:7},sell:{id:spruce_log,Count:1},xp:1,maxUses:9999999},{buy:{id:medium_amethyst_bud,Count:2},sell:{id:dark_oak_log,Count:1},xp:1,maxUses:9999999}]}}";;;;;;;;;;;;;;;;
0047;Jean Montgomery;Prêtre;cleric;adulte;snow;maitre;334 106.5 -247;90f,0f;266 122 -227;;"/summon villager 334 106.5 -247.5 {VillagerData:{profession:cleric,level:5,type:snow},PersistenceRequired:1,NoAI:1,Rotation:[90f,0f],CustomName:""\""Jean Montgomery\""""}";;;;;;;;;;;;;;;;
0048;Claire Crocblanc;Aubergiste;shepherd;adulte;snow;expert;242 117 -240;260f,0f;253 121 -249;;"/summon villager 242 117 -240 {VillagerData:{profession:shepherd,level:4,type:snow},PersistenceRequired:1,NoAI:1,Rotation:[260f,0f],CustomName:""\""Claire Crocblanc\""""}";;;;;;;;;;;;;;;;
0049;Lise Crocblanc;Aubergiste;shepherd;adulte;snow;expert;249 117 -247;90f,0f;249 121 -250;;"/summon villager 249 117 -247 {VillagerData:{profession:shepherd,level:4,type:snow},PersistenceRequired:1,NoAI:1,Rotation:[90f,0f],CustomName:""\""Lise Crocblanc\""""}";;;;;;;;;;;;;;;;
0050;Luc Crocblanc;Aubergiste;shepherd;adulte;snow;expert;253.8 115 -247;110f,0f;253 121 -249;;"/summon villager 253.8 115 -247 {VillagerData:{profession:shepherd,level:4,type:snow},PersistenceRequired:1,NoAI:1,Rotation:[110f,0f],CustomName:""\""Luc Crocblanc\""""}";;;;;;;;;;;;;;;;
0051;Max Ponce;Légumes et viande;butcher;adulte;snow;compagnon;304.5 99 -228.5;345f,0f;306 108 -227;;"/summon villager 304.5 99 -228.5 {VillagerData:{profession:butcher,level:4,type:snow},PersistenceRequired:1,NoAI:1,Rotation:[345f,0f],CustomName:""\""Max Ponce\""""}";;;;;;;;;;;;;;;;
0052;Janine Ponce;Légumes et viande;butcher;adulte;snow;compagnon;306.5 104 -230.5;70f,0f;306 108 -227;;"/summon villager 306.5 104 -230.5 {VillagerData:{profession:butcher,level:4,type:snow},PersistenceRequired:1,NoAI:1,Rotation:[70f,0f],CustomName:""\""Janine Ponce\""""}";;;;;;;;;;;;;;;;
0053;Sauvanne Lefrançois;Vendeuse de chevaux;shepherd;adulte;snow;novice;255 105.5 -253;;289 110 -264;"Offers:{Recipes:[{buy:{id:small_amethyst_bud,Count:9},sell:{id:medium_amethyst_bud,Count:1,tag:{display:{Name:""\""Peore\"""",Lore:[""\""Monnaie\""""]}}},xp:1,maxUses:9999999},{buy:{id:medium_amethyst_bud,Count:9},sell:{id:large_amethyst_bud,Count:1,tag:{display:{Name:""\""Pedisme\"""",Lore:[""\""Monnaie\""""]}}},xp:1,maxUses:9999999},{buy:{id:large_amethyst_bud,Count:9},sell:{id:amethyst_cluster,Count:1,tag:{display:{Name:""\""Penausme\"""",Lore:[""\""Monnaie\""""]}}},xp:2,maxUses:9999999},{buy:{id:amethyst_cluster,Count:9},sell:{id:nether_star,Count:1,tag:{display:{Name:""\""Penerithisme\"""",Lore:[""\""Monnaie\""""]}}},xp:3,maxUses:9999999},{buy:{id:nether_star,Count:1},sell:{id:amethyst_cluster,Count:9,tag:{display:{Name:""\""Penausme\"""",Lore:[""\""Monnaie\""""]}}},xp:2,maxUses:9999999},{buy:{id:amethyst_cluster,Count:1},sell:{id:large_amethyst_bud,Count:9,tag:{display:{Name:""\""Pedisme\"""",Lore:[""\""Monnaie\""""]}}},xp:1,maxUses:9999999},{buy:{id:large_amethyst_bud,Count:1},sell:{id:medium_amethyst_bud,Count:9,tag:{display:{Name:""\""Peore\"""",Lore:[""\""Monnaie\""""]}}},xp:1,maxUses:9999999},{buy:{id:medium_amethyst_bud,Count:1},sell:{id:small_amethyst_bud,Count:9,tag:{display:{Name:""\""Pert\"""",Lore:[""\""Monnaie\""""]}}},xp:1,maxUses:9999999}]}}";"/summon villager 255 105.5 -253 {VillagerData:{profession:shepherd,level:4,type:snow},Invulnerable:1,PersistenceRequired:1,NoAI:1,Rotation:[??????f,0f],CustomName:""\""Sauvanne Lefrançois\"""",Offers:{Recipes:[{buy:{id:small_amethyst_bud,Count:9},sell:{id:medium_amethyst_bud,Count:1,tag:{display:{Name:""\""Peore\"""",Lore:[""\""Monnaie\""""]}}},xp:1,maxUses:9999999},{buy:{id:medium_amethyst_bud,Count:9},sell:{id:large_amethyst_bud,Count:1,tag:{display:{Name:""\""Pedisme\"""",Lore:[""\""Monnaie\""""]}}},xp:1,maxUses:9999999},{buy:{id:large_amethyst_bud,Count:9},sell:{id:amethyst_cluster,Count:1,tag:{display:{Name:""\""Penausme\"""",Lore:[""\""Monnaie\""""]}}},xp:2,maxUses:9999999},{buy:{id:amethyst_cluster,Count:9},sell:{id:nether_star,Count:1,tag:{display:{Name:""\""Penerithisme\"""",Lore:[""\""Monnaie\""""]}}},xp:3,maxUses:9999999},{buy:{id:nether_star,Count:1},sell:{id:amethyst_cluster,Count:9,tag:{display:{Name:""\""Penausme\"""",Lore:[""\""Monnaie\""""]}}},xp:2,maxUses:9999999},{buy:{id:amethyst_cluster,Count:1},sell:{id:large_amethyst_bud,Count:9,tag:{display:{Name:""\""Pedisme\"""",Lore:[""\""Monnaie\""""]}}},xp:1,maxUses:9999999},{buy:{id:large_amethyst_bud,Count:1},sell:{id:medium_amethyst_bud,Count:9,tag:{display:{Name:""\""Peore\"""",Lore:[""\""Monnaie\""""]}}},xp:1,maxUses:9999999},{buy:{id:medium_amethyst_bud,Count:1},sell:{id:small_amethyst_bud,Count:9,tag:{display:{Name:""\""Pert\"""",Lore:[""\""Monnaie\""""]}}},xp:1,maxUses:9999999}]}}";;;;;;;;;;;;;;;;
0054;Jeanne Alméras;Chômeuse;nitwit;adulte;snow;;306 105 -204;;306 105 -204;;;;;;;;;;;;;;;;;;
0055;Lean Crocblanc;Enfant cours 2;none;enfant;snow;;314 107 -284;;249 121 -250;;;;;;;;;;;;;;;;;;
0056;Quentin Popelin;Enfant cours 2;none;enfant;snow;;314 107 -284;;272 118 -228;;;;;;;;;;;;;;;;;;
0057;Antoinette Popelin;Enfant cours 4;none;enfant;snow;;314 111 -283;;272 118 -228;;;;;;;;;;;;;;;;;;
0058;Élise Lagarde;Enfant cours 1;none;enfant;snow;;312 107 -290;;324 113 -226;;;;;;;;;;;;;;;;;;
0059;Jules Alméras;Enfant cours 4;none;enfant;snow;;314 111 -283;;308 101 -203;;;;;;;;;;;;;;;;;;
0060;Adeline Laenec;Enfant cours 2;none;enfant;snow;;314 107 -284;;326 106 -204;;;;;;;;;;;;;;;;;;
0061;Félix Mace;Enfant cours 1;none;enfant;snow;;312 107 -290;;350 103 -205;;;;;;;;;;;;;;;;;;
0062;Francis Mace;Enfant cours 3;none;enfant;snow;;314 111 -296;;351 103 -205;;;;;;;;;;;;;;;;;;
0063;Guillaume Rousselot;Enfant cours 2;none;enfant;snow;;314 107 -284;;310 87 -129;;;;;;;;;;;;;;;;;;
0064;Élisa Rousselot;Enfant cours 1;none;enfant;snow;;312 107 -290;;310 87 -129;;;;;;;;;;;;;;;;;;
0065;Daniel Hébras;Enfant cours 3;none;enfant;snow;;314 111 -296;;292 113 -227;;;;;;;;;;;;;;;;;;
0066;Frank Hébras;Enfant cours 2;none;enfant;snow;;314 107 -284;;292 113 -227;;;;;;;;;;;;;;;;;;
0067;Gaëlle Hennekin;Enfant cours 4;none;enfant;snow;;314 111 -283;;291 88.5 -128;;;;;;;;;;;;;;;;;;
0068;Kermé Rémésa;Enfant cours 4;none;enfant;desert;;314 111 -283;;297 110 -296;;;;;;;;;;;;;;;;;;
0069;Môza Rémésa;Enfant cours 3;none;enfant;desert;;314 111 -296;;298 110 -288;;;;;;;;;;;;;;;;;;
0070;Mèya Rènîx;Enfant cours 1;none;enfant;desert;;312 107 -290;;298 106 -284;;;;;;;;;;;;;;;;;;
0071;Igor Tsokovich;Enfant cours 2;none;enfant;swamp;;314 107 -284;;293 106 -283;;;;;;;;;;;;;;;;;;
0072;Mayir Kolmel;Enfant cours 2;none;enfant;taiga;;314 107 -284;;293 106 -283;;;;;;;;;;;;;;;;;;
0073;Adina Kolmel;Enfant cours 4;none;enfant;taiga;;314 111 -283;;297 110 -296;;;;;;;;;;;;;;;;;;
0074;Galia Abramson;Enfant cours 2;none;enfant;taiga;;314 107 -284;;293 106 -283;;;;;;;;;;;;;;;;;;
0075;Basiliscus Maniakes;Enfant cours 4;none;enfant;jungle;;314 111 -283;;298 110 -292;;;;;;;;;;;;;;;;;;
0076;David Bardas;Enfant cours 3;none;enfant;jungle;;314 111 -296;;298 110 -288;;;;;;;;;;;;;;;;;;
0077;Martha Lascari;Enfant cours 3;none;enfant;jungle;;314 111 -296;;298 110 -288;;;;;;;;;;;;;;;;;;
0078;Gabriella Schmadel;Enfant cours 1;none;enfant;savanna;;312 107 -290;;298 106 -284;;;;;;;;;;;;;;;;;;
0079;Nora Schneider;Enfant cours 1;none;enfant;savanna;;312 107 -290;;298 106 -284;;;;;;;;;;;;;;;;;;
0080;Reiner Schneider;Enfant cours 4;none;enfant;savanna;;314 111 -283;;298 110 -292;;;;;;;;;;;;;;;;;;
0081;Rémond Hérisson;Enfant chasseur;none;enfant;snow;;322 66 177;;322 66 177;;;;;;;;;;;;;;;;;;
0082;Raphaëlle Marais;Enfant cours 3;none;enfant;snow;;314 111 -296;;329 71 69;;;;;;;;;;;;;;;;;;
0083;Jean-Luc Marais;Enfant pêcheur;none;enfant;snow;;329 71 69;;329 71 69;;;;;;;;;;;;;;;;;;
0084;Samuel Dupont;Enfant cours 3;none;enfant;snow;;314 111 -296;;385 88 -128;;;;;;;;;;;;;;;;;;
0085;Alain Dupont;Enfant pêcheur;none;enfant;snow;;385 80 -128;;385 88 -128;;;;;;;;;;;;;;;;;;
0086;Lydie Ponce;Enfant cours 1;none;enfant;snow;;312 107 -290;;303.5 108.5 -226.5;;;;;;;;;;;;;;;;;;